datetime,entry_id,field2,field2_neg,field2_deviasi,field2_neg_deviasi
2026-03-01 01:46:02+07:00,2018,269.5,-269.5,-9.001327433628319,9.001327433628319
2026-03-01 01:56:02+07:00,2020,274.1,-274.1,-4.401327433628296,4.401327433628296
2026-03-01 02:06:02+07:00,2022,278.7,-278.7,0.19867256637166975,-0.19867256637166975
2026-03-01 02:16:02+07:00,2024,283.3,-283.3,4.7986725663716925,-4.7986725663716925
2026-03-01 02:26:02+07:00,2026,287.8,-287.8,9.298672566371692,-9.298672566371692
2026-03-01 02:36:02+07:00,2030,300.9,-300.9,22.39867256637166,-22.39867256637166
2026-03-01 02:46:02+07:00,2032,305.3,-305.3,26.798672566371692,-26.798672566371692
2026-03-01 02:56:02+07:00,2034,310.1,-310.1,31.598672566371704,-31.598672566371704
2026-03-01 03:06:02+07:00,2036,314.8,-314.8,36.29867256637169,-36.29867256637169
2026-03-01 03:16:02+07:00,2038,319.3,-319.3,40.79867256637169,-40.79867256637169
2026-03-01 03:26:02+07:00,2042,331.0,-331.0,52.49867256637168,-52.49867256637168
2026-03-01 03:36:02+07:00,2044,334.8,-334.8,56.29867256637169,-56.29867256637169
2026-03-01 03:46:02+07:00,2046,338.2,-338.2,59.69867256637167,-59.69867256637167
2026-03-01 03:56:02+07:00,2048,341.6,-341.6,63.098672566371704,-63.098672566371704
2026-03-01 04:06:02+07:00,2050,344.9,-344.9,66.39867256637166,-66.39867256637166
2026-03-01 04:16:02+07:00,2053,350.6,-350.6,72.0986725663717,-72.0986725663717
2026-03-01 04:26:02+07:00,2055,353.1,-353.1,74.5986725663717,-74.5986725663717
2026-03-01 04:36:02+07:00,2057,355.4,-355.4,76.89867256637166,-76.89867256637166
2026-03-01 04:46:02+07:00,2059,357.2,-357.2,78.69867256637167,-78.69867256637167
2026-03-01 04:56:02+07:00,2061,359.5,-359.5,80.99867256637168,-80.99867256637168
2026-03-01 05:06:02+07:00,2063,361.2,-361.2,82.69867256637167,-82.69867256637167
2026-03-01 05:16:02+07:00,2066,365.4,-365.4,86.89867256637166,-86.89867256637166
2026-03-01 05:26:02+07:00,2068,366.9,-366.9,88.39867256637166,-88.39867256637166
2026-03-01 05:36:02+07:00,2070,368.4,-368.4,89.89867256637166,-89.89867256637166
2026-03-01 05:46:02+07:00,2072,370.4,-370.4,91.89867256637166,-91.89867256637166
2026-03-01 05:56:02+07:00,2074,371.8,-371.8,93.29867256637169,-93.29867256637169
2026-03-01 06:06:02+07:00,2076,373.2,-373.2,94.69867256637167,-94.69867256637167
2026-03-01 06:16:02+07:00,2079,375.5,-375.5,96.99867256637168,-96.99867256637168
2026-03-01 06:26:02+07:00,2081,377.4,-377.4,98.89867256637166,-98.89867256637166
2026-03-01 06:36:02+07:00,2083,379.2,-379.2,100.69867256637167,-100.69867256637167
2026-03-01 06:46:02+07:00,2085,380.2,-380.2,101.69867256637167,-101.69867256637167
2026-03-01 06:56:02+07:00,2087,381.8,-381.8,103.29867256637169,-103.29867256637169
2026-03-01 07:06:02+07:00,2089,381.8,-381.8,103.29867256637169,-103.29867256637169
2026-03-01 07:16:02+07:00,2092,380.3,-380.3,101.79867256637169,-101.79867256637169
2026-03-01 07:26:02+07:00,2094,380.3,-380.3,101.79867256637169,-101.79867256637169
2026-03-01 07:36:02+07:00,2096,380.3,-380.3,101.79867256637169,-101.79867256637169
2026-03-01 07:46:02+07:00,2099,380.3,-380.3,101.79867256637169,-101.79867256637169
2026-03-01 07:56:02+07:00,2101,380.3,-380.3,101.79867256637169,-101.79867256637169
2026-03-01 08:06:02+07:00,2104,380.3,-380.3,101.79867256637169,-101.79867256637169
2026-03-01 08:16:02+07:00,2106,380.3,-380.3,101.79867256637169,-101.79867256637169
2026-03-01 08:26:02+07:00,2108,380.3,-380.3,101.79867256637169,-101.79867256637169
2026-03-01 08:36:02+07:00,2110,380.3,-380.3,101.79867256637169,-101.79867256637169
2026-03-01 08:46:02+07:00,2112,380.3,-380.3,101.79867256637169,-101.79867256637169
2026-03-01 08:56:02+07:00,2114,380.3,-380.3,101.79867256637169,-101.79867256637169
2026-03-01 09:06:02+07:00,2117,380.3,-380.3,101.79867256637169,-101.79867256637169
2026-03-01 09:16:02+07:00,2119,380.3,-380.3,101.79867256637169,-101.79867256637169
2026-03-01 09:26:02+07:00,2121,380.3,-380.3,101.79867256637169,-101.79867256637169
2026-03-01 09:36:02+07:00,2123,380.3,-380.3,101.79867256637169,-101.79867256637169
2026-03-01 09:46:02+07:00,2125,380.3,-380.3,101.79867256637169,-101.79867256637169
2026-03-01 09:56:02+07:00,2127,380.3,-380.3,101.79867256637169,-101.79867256637169
2026-03-01 10:06:02+07:00,2130,380.3,-380.3,101.79867256637169,-101.79867256637169
2026-03-01 10:16:02+07:00,2132,380.3,-380.3,101.79867256637169,-101.79867256637169
2026-03-01 10:26:02+07:00,2134,380.3,-380.3,101.79867256637169,-101.79867256637169
2026-03-01 10:36:02+07:00,2136,380.3,-380.3,101.79867256637169,-101.79867256637169
2026-03-01 10:46:02+07:00,2138,380.3,-380.3,101.79867256637169,-101.79867256637169
2026-03-01 10:56:02+07:00,2140,380.3,-380.3,101.79867256637169,-101.79867256637169
2026-03-01 11:06:02+07:00,2143,380.3,-380.3,101.79867256637169,-101.79867256637169
2026-03-01 11:16:02+07:00,2145,380.3,-380.3,101.79867256637169,-101.79867256637169
2026-03-01 11:26:02+07:00,2147,380.3,-380.3,101.79867256637169,-101.79867256637169
2026-03-01 11:36:02+07:00,2149,380.3,-380.3,101.79867256637169,-101.79867256637169
2026-03-01 11:46:02+07:00,2151,380.3,-380.3,101.79867256637169,-101.79867256637169
2026-03-01 11:56:02+07:00,2153,380.3,-380.3,101.79867256637169,-101.79867256637169
2026-03-01 12:06:02+07:00,2156,380.5,-380.5,101.99867256637168,-101.99867256637168
2026-03-01 12:16:02+07:00,2158,381.2,-381.2,102.69867256637167,-102.69867256637167
2026-03-01 12:26:02+07:00,2160,381.2,-381.2,102.69867256637167,-102.69867256637167
2026-03-01 12:36:02+07:00,2162,380.8,-380.8,102.29867256637169,-102.29867256637169
2026-03-01 12:46:02+07:00,2164,379.4,-379.4,100.89867256637166,-100.89867256637166
2026-03-01 12:56:02+07:00,2166,376.3,-376.3,97.79867256637169,-97.79867256637169
2026-03-01 13:06:02+07:00,2169,370.8,-370.8,92.29867256637169,-92.29867256637169
2026-03-01 13:16:02+07:00,2171,367.2,-367.2,88.69867256637167,-88.69867256637167
2026-03-01 13:26:02+07:00,2173,363.4,-363.4,84.89867256637166,-84.89867256637166
2026-03-01 13:36:02+07:00,2175,359.0,-359.0,80.49867256637168,-80.49867256637168
2026-03-01 13:46:02+07:00,2177,354.0,-354.0,75.49867256637168,-75.49867256637168
2026-03-01 13:56:02+07:00,2179,348.0,-348.0,69.49867256637168,-69.49867256637168
2026-03-01 14:06:02+07:00,2182,336.5,-336.5,57.99867256637168,-57.99867256637168
2026-03-01 14:16:02+07:00,2184,330.6,-330.6,52.098672566371704,-52.098672566371704
2026-03-01 14:26:02+07:00,2186,324.4,-324.4,45.89867256637166,-45.89867256637166
2026-03-01 14:36:02+07:00,2188,317.5,-317.5,38.99867256637168,-38.99867256637168
2026-03-01 14:46:02+07:00,2190,310.9,-310.9,32.39867256637166,-32.39867256637166
2026-03-01 14:56:02+07:00,2192,304.3,-304.3,25.798672566371692,-25.798672566371692
2026-03-01 15:06:02+07:00,2195,290.4,-290.4,11.898672566371658,-11.898672566371658
2026-03-01 15:16:02+07:00,2197,283.9,-283.9,5.398672566371658,-5.398672566371658
2026-03-01 15:26:02+07:00,2199,277.2,-277.2,-1.3013274336283303,1.3013274336283303
2026-03-01 15:36:02+07:00,2201,270.2,-270.2,-8.30132743362833,8.30132743362833
2026-03-01 15:46:02+07:00,2203,262.8,-262.8,-15.701327433628308,15.701327433628308
2026-03-01 15:56:02+07:00,2205,255.5,-255.5,-23.00132743362832,23.00132743362832
2026-03-01 16:06:02+07:00,2208,240.3,-240.3,-38.20132743362831,38.20132743362831
2026-03-01 16:16:02+07:00,2210,233.6,-233.6,-44.901327433628325,44.901327433628325
2026-03-01 16:26:02+07:00,2212,227.0,-227.0,-51.50132743362832,51.50132743362832
2026-03-01 16:36:02+07:00,2214,219.1,-219.1,-59.401327433628325,59.401327433628325
2026-03-01 16:46:02+07:00,2216,211.8,-211.8,-66.70132743362831,66.70132743362831
2026-03-01 16:56:02+07:00,2218,203.8,-203.8,-74.70132743362831,74.70132743362831
2026-03-01 17:06:02+07:00,2221,189.9,-189.9,-88.60132743362831,88.60132743362831
2026-03-01 17:16:02+07:00,2223,182.7,-182.7,-95.80132743362833,95.80132743362833
2026-03-01 17:26:02+07:00,2225,172.6,-172.6,-105.90132743362832,105.90132743362832
2026-03-01 17:36:02+07:00,2227,166.3,-166.3,-112.20132743362831,112.20132743362831
2026-03-01 17:46:02+07:00,2229,159.8,-159.8,-118.70132743362831,118.70132743362831
2026-03-01 17:56:02+07:00,2231,153.3,-153.3,-125.20132743362831,125.20132743362831
2026-03-01 18:06:02+07:00,2234,142.2,-142.2,-136.30132743362833,136.30132743362833
2026-03-01 18:16:02+07:00,2236,136.9,-136.9,-141.6013274336283,141.6013274336283
2026-03-01 18:26:02+07:00,2238,132.3,-132.3,-146.2013274336283,146.2013274336283
2026-03-01 18:36:02+07:00,2240,128.3,-128.3,-150.2013274336283,150.2013274336283
2026-03-01 18:46:02+07:00,2242,123.4,-123.4,-155.1013274336283,155.1013274336283
2026-03-01 18:56:02+07:00,2244,119.8,-119.8,-158.7013274336283,158.7013274336283
2026-03-01 19:06:02+07:00,2247,113.0,-113.0,-165.50132743362832,165.50132743362832
2026-03-01 19:16:02+07:00,2249,109.5,-109.5,-169.00132743362832,169.00132743362832
2026-03-01 19:26:02+07:00,2251,106.8,-106.8,-171.7013274336283,171.7013274336283
2026-03-01 19:36:02+07:00,2253,104.6,-104.6,-173.90132743362832,173.90132743362832
2026-03-01 19:46:02+07:00,2255,103.2,-103.2,-175.30132743362833,175.30132743362833
2026-03-01 19:56:02+07:00,2257,101.3,-101.3,-177.2013274336283,177.2013274336283
2026-03-01 20:06:02+07:00,2260,99.4,-99.4,-179.1013274336283,179.1013274336283
2026-03-01 20:16:02+07:00,2262,99.1,-99.1,-179.40132743362832,179.40132743362832
2026-03-01 20:26:02+07:00,2264,99.6,-99.6,-178.90132743362832,178.90132743362832
2026-03-01 20:36:02+07:00,2266,97.0,-97.0,-181.50132743362832,181.50132743362832
2026-03-01 20:46:02+07:00,2268,99.6,-99.6,-178.90132743362832,178.90132743362832
2026-03-01 20:56:02+07:00,2270,101.5,-101.5,-177.00132743362832,177.00132743362832
2026-03-01 21:06:02+07:00,2273,105.1,-105.1,-173.40132743362832,173.40132743362832
2026-03-01 21:16:02+07:00,2275,107.6,-107.6,-170.90132743362832,170.90132743362832
2026-03-01 21:26:02+07:00,2277,110.8,-110.8,-167.7013274336283,167.7013274336283
2026-03-01 21:36:02+07:00,2279,113.8,-113.8,-164.7013274336283,164.7013274336283
2026-03-01 21:46:02+07:00,2281,118.1,-118.1,-160.40132743362832,160.40132743362832
2026-03-01 21:56:02+07:00,2283,122.2,-122.2,-156.30132743362833,156.30132743362833
2026-03-01 22:06:02+07:00,2286,131.5,-131.5,-147.00132743362832,147.00132743362832
2026-03-01 22:16:02+07:00,2288,135.6,-135.6,-142.90132743362832,142.90132743362832
2026-03-01 22:26:02+07:00,2290,139.9,-139.9,-138.6013274336283,138.6013274336283
2026-03-01 22:36:02+07:00,2292,144.5,-144.5,-134.00132743362832,134.00132743362832
2026-03-01 22:46:02+07:00,2294,150.3,-150.3,-128.2013274336283,128.2013274336283
2026-03-01 22:56:02+07:00,2296,156.1,-156.1,-122.40132743362832,122.40132743362832
2026-03-01 23:06:02+07:00,2299,166.9,-166.9,-111.60132743362831,111.60132743362831
2026-03-01 23:16:02+07:00,2301,172.2,-172.2,-106.30132743362833,106.30132743362833
2026-03-01 23:26:02+07:00,2303,177.4,-177.4,-101.10132743362831,101.10132743362831
2026-03-01 23:36:02+07:00,2305,183.0,-183.0,-95.50132743362832,95.50132743362832
2026-03-01 23:46:02+07:00,2307,189.0,-189.0,-89.50132743362832,89.50132743362832
2026-03-01 23:56:02+07:00,2309,194.8,-194.8,-83.70132743362831,83.70132743362831
2026-03-02 00:06:02+07:00,2312,205.8,-205.8,-72.70132743362831,72.70132743362831
2026-03-02 00:16:02+07:00,2314,210.3,-210.3,-68.20132743362831,68.20132743362831
2026-03-02 00:26:02+07:00,2316,215.3,-215.3,-63.20132743362831,63.20132743362831
2026-03-02 00:36:02+07:00,2318,220.5,-220.5,-58.00132743362832,58.00132743362832
2026-03-02 00:46:02+07:00,2320,225.8,-225.8,-52.70132743362831,52.70132743362831
2026-03-02 00:56:02+07:00,2322,231.5,-231.5,-47.00132743362832,47.00132743362832
2026-03-02 01:06:02+07:00,2325,241.7,-241.7,-36.80132743362833,36.80132743362833
2026-03-02 01:16:02+07:00,2327,246.3,-246.3,-32.20132743362831,32.20132743362831
2026-03-02 01:26:02+07:00,2329,250.9,-250.9,-27.601327433628313,27.601327433628313
2026-03-02 01:36:02+07:00,2331,255.5,-255.5,-23.00132743362832,23.00132743362832
2026-03-02 01:46:02+07:00,2333,260.3,-260.3,-18.201327433628308,18.201327433628308
2026-03-02 01:56:02+07:00,2335,264.1,-264.1,-14.401327433628296,14.401327433628296
2026-03-02 02:06:02+07:00,2338,272.9,-272.9,-5.601327433628342,5.601327433628342
2026-03-02 02:16:02+07:00,2340,276.9,-276.9,-1.6013274336283416,1.6013274336283416
2026-03-02 02:26:02+07:00,2342,280.9,-280.9,2.3986725663716584,-2.3986725663716584
2026-03-02 02:36:02+07:00,2344,284.8,-284.8,6.2986725663716925,-6.2986725663716925
2026-03-02 02:46:02+07:00,2346,289.6,-289.6,11.098672566371704,-11.098672566371704
2026-03-02 02:56:02+07:00,2348,293.7,-293.7,15.19867256637167,-15.19867256637167
2026-03-02 03:06:02+07:00,2351,302.5,-302.5,23.99867256637168,-23.99867256637168
2026-03-02 03:16:02+07:00,2354,306.2,-306.2,27.69867256637167,-27.69867256637167
2026-03-02 03:26:02+07:00,2356,310.5,-310.5,31.99867256637168,-31.99867256637168
2026-03-02 03:36:02+07:00,2358,314.1,-314.1,35.598672566371704,-35.598672566371704
2026-03-02 03:46:02+07:00,2360,318.2,-318.2,39.69867256637167,-39.69867256637167
2026-03-02 03:56:02+07:00,2362,322.3,-322.3,43.79867256637169,-43.79867256637169
2026-03-02 04:06:02+07:00,2365,328.6,-328.6,50.098672566371704,-50.098672566371704
2026-03-02 04:16:02+07:00,2368,331.8,-331.8,53.29867256637169,-53.29867256637169
2026-03-02 04:26:02+07:00,2370,334.5,-334.5,55.99867256637168,-55.99867256637168
2026-03-02 04:36:02+07:00,2372,337.6,-337.6,59.098672566371704,-59.098672566371704
2026-03-02 04:46:02+07:00,2374,340.7,-340.7,62.19867256637167,-62.19867256637167
2026-03-02 04:56:02+07:00,2376,343.9,-343.9,65.39867256637166,-65.39867256637166
2026-03-02 05:06:02+07:00,2379,348.8,-348.8,70.29867256637169,-70.29867256637169
2026-03-02 05:16:02+07:00,2382,350.6,-350.6,72.0986725663717,-72.0986725663717
2026-03-02 05:26:02+07:00,2384,352.1,-352.1,73.5986725663717,-73.5986725663717
2026-03-02 05:36:02+07:00,2386,353.4,-353.4,74.89867256637166,-74.89867256637166
2026-03-02 05:46:02+07:00,2388,353.8,-353.8,75.29867256637169,-75.29867256637169
2026-03-02 05:56:02+07:00,2390,354.4,-354.4,75.89867256637166,-75.89867256637166
2026-03-02 06:06:02+07:00,2393,356.5,-356.5,77.99867256637168,-77.99867256637168
2026-03-02 06:16:02+07:00,2396,356.6,-356.6,78.0986725663717,-78.0986725663717
2026-03-02 06:26:02+07:00,2398,358.5,-358.5,79.99867256637168,-79.99867256637168
2026-03-02 06:36:02+07:00,2399,359.9,-359.9,81.39867256637166,-81.39867256637166
2026-03-02 06:46:02+07:00,2401,361.2,-361.2,82.69867256637167,-82.69867256637167
2026-03-02 06:56:02+07:00,2403,363.0,-363.0,84.49867256637168,-84.49867256637168
2026-03-02 07:06:02+07:00,2406,365.9,-365.9,87.39867256637166,-87.39867256637166
2026-03-02 07:16:02+07:00,2409,367.3,-367.3,88.79867256637169,-88.79867256637169
2026-03-02 07:26:02+07:00,2411,368.8,-368.8,90.29867256637169,-90.29867256637169
2026-03-02 07:36:02+07:00,2413,370.6,-370.6,92.0986725663717,-92.0986725663717
2026-03-02 07:46:02+07:00,2415,373.1,-373.1,94.5986725663717,-94.5986725663717
2026-03-02 07:56:02+07:00,2417,375.4,-375.4,96.89867256637166,-96.89867256637166
2026-03-02 08:06:02+07:00,2420,379.8,-379.8,101.29867256637169,-101.29867256637169
2026-03-02 08:16:02+07:00,2423,380.5,-380.5,101.99867256637168,-101.99867256637168
2026-03-02 08:26:02+07:00,2425,380.5,-380.5,101.99867256637168,-101.99867256637168
2026-03-02 08:36:02+07:00,2427,380.5,-380.5,101.99867256637168,-101.99867256637168
2026-03-02 08:46:02+07:00,2430,380.5,-380.5,101.99867256637168,-101.99867256637168
2026-03-02 08:56:02+07:00,2432,380.5,-380.5,101.99867256637168,-101.99867256637168
2026-03-02 09:06:02+07:00,2435,380.5,-380.5,101.99867256637168,-101.99867256637168
2026-03-02 09:16:02+07:00,2437,380.5,-380.5,101.99867256637168,-101.99867256637168
2026-03-02 09:26:02+07:00,2439,380.6,-380.6,102.0986725663717,-102.0986725663717
2026-03-02 09:36:02+07:00,2441,380.6,-380.6,102.0986725663717,-102.0986725663717
2026-03-02 09:46:02+07:00,2443,380.6,-380.6,102.0986725663717,-102.0986725663717
2026-03-02 09:56:02+07:00,2446,380.6,-380.6,102.0986725663717,-102.0986725663717
2026-03-02 10:06:02+07:00,2449,380.6,-380.6,102.0986725663717,-102.0986725663717
2026-03-02 10:16:02+07:00,2451,380.6,-380.6,102.0986725663717,-102.0986725663717
2026-03-02 10:26:02+07:00,2453,380.6,-380.6,102.0986725663717,-102.0986725663717
2026-03-02 10:36:02+07:00,2455,380.6,-380.6,102.0986725663717,-102.0986725663717
2026-03-02 10:46:02+07:00,2457,380.6,-380.6,102.0986725663717,-102.0986725663717
2026-03-02 10:56:02+07:00,2460,380.6,-380.6,102.0986725663717,-102.0986725663717
2026-03-02 11:06:02+07:00,2463,380.6,-380.6,102.0986725663717,-102.0986725663717
2026-03-02 11:16:02+07:00,2465,380.6,-380.6,102.0986725663717,-102.0986725663717
2026-03-02 11:26:02+07:00,2467,380.6,-380.6,102.0986725663717,-102.0986725663717
2026-03-02 11:36:02+07:00,2469,380.6,-380.6,102.0986725663717,-102.0986725663717
2026-03-02 11:46:02+07:00,2471,380.6,-380.6,102.0986725663717,-102.0986725663717
2026-03-02 11:56:02+07:00,2473,380.6,-380.6,102.0986725663717,-102.0986725663717
2026-03-02 12:06:02+07:00,2477,380.6,-380.6,102.0986725663717,-102.0986725663717
2026-03-02 12:16:02+07:00,2479,380.6,-380.6,102.0986725663717,-102.0986725663717
2026-03-02 12:26:02+07:00,2481,380.6,-380.6,102.0986725663717,-102.0986725663717
2026-03-02 12:36:02+07:00,2483,380.6,-380.6,102.0986725663717,-102.0986725663717
2026-03-02 12:46:02+07:00,2487,382.7,-382.7,104.19867256637167,-104.19867256637167
2026-03-02 12:56:02+07:00,2489,382.9,-382.9,104.39867256637166,-104.39867256637166
2026-03-02 13:06:02+07:00,2491,382.3,-382.3,103.79867256637169,-103.79867256637169
2026-03-02 13:16:02+07:00,2493,380.5,-380.5,101.99867256637168,-101.99867256637168
2026-03-02 13:26:02+07:00,2495,378.4,-378.4,99.89867256637166,-99.89867256637166
2026-03-02 13:36:02+07:00,2498,372.2,-372.2,93.69867256637167,-93.69867256637167
2026-03-02 13:46:02+07:00,2501,368.7,-368.7,90.19867256637167,-90.19867256637167
2026-03-02 13:56:02+07:00,2503,364.3,-364.3,85.79867256637169,-85.79867256637169
2026-03-02 14:06:02+07:00,2505,359.2,-359.2,80.69867256637167,-80.69867256637167
2026-03-02 14:16:02+07:00,2507,353.9,-353.9,75.39867256637166,-75.39867256637166
2026-03-02 14:26:02+07:00,2509,348.1,-348.1,69.5986725663717,-69.5986725663717
2026-03-02 14:36:02+07:00,2512,337.0,-337.0,58.49867256637168,-58.49867256637168
2026-03-02 14:46:02+07:00,2515,331.4,-331.4,52.89867256637166,-52.89867256637166
2026-03-02 14:56:02+07:00,2517,325.2,-325.2,46.69867256637167,-46.69867256637167
2026-03-02 15:06:02+07:00,2519,318.7,-318.7,40.19867256637167,-40.19867256637167
2026-03-02 15:16:02+07:00,2521,311.8,-311.8,33.29867256637169,-33.29867256637169
2026-03-02 15:26:02+07:00,2523,304.4,-304.4,25.89867256637166,-25.89867256637166
2026-03-02 15:36:02+07:00,2526,291.0,-291.0,12.498672566371681,-12.498672566371681
2026-03-02 15:46:02+07:00,2529,284.2,-284.2,5.69867256637167,-5.69867256637167
2026-03-02 15:56:02+07:00,2531,277.4,-277.4,-1.1013274336283416,1.1013274336283416
2026-03-02 16:06:02+07:00,2533,270.6,-270.6,-7.901327433628296,7.901327433628296
2026-03-02 16:16:02+07:00,2535,262.7,-262.7,-15.80132743362833,15.80132743362833
2026-03-02 16:26:02+07:00,2537,255.3,-255.3,-23.201327433628308,23.201327433628308
2026-03-02 16:36:02+07:00,2540,240.9,-240.9,-37.60132743362831,37.60132743362831
2026-03-02 16:46:02+07:00,2543,234.3,-234.3,-44.20132743362831,44.20132743362831
2026-03-02 16:56:02+07:00,2545,227.3,-227.3,-51.20132743362831,51.20132743362831
2026-03-02 17:06:02+07:00,2547,220.3,-220.3,-58.20132743362831,58.20132743362831
2026-03-02 17:16:02+07:00,2549,213.0,-213.0,-65.50132743362832,65.50132743362832
2026-03-02 17:26:02+07:00,2551,205.6,-205.6,-72.90132743362832,72.90132743362832
2026-03-02 17:36:02+07:00,2554,192.0,-192.0,-86.50132743362832,86.50132743362832
2026-03-02 17:46:02+07:00,2557,185.5,-185.5,-93.00132743362832,93.00132743362832
2026-03-02 17:56:02+07:00,2559,179.0,-179.0,-99.50132743362832,99.50132743362832
2026-03-02 18:06:02+07:00,2561,172.4,-172.4,-106.10132743362831,106.10132743362831
2026-03-02 18:16:02+07:00,2563,166.6,-166.6,-111.90132743362832,111.90132743362832
2026-03-02 18:26:02+07:00,2565,160.5,-160.5,-118.00132743362832,118.00132743362832
2026-03-02 18:36:02+07:00,2568,150.1,-150.1,-128.40132743362832,128.40132743362832
2026-03-02 18:46:02+07:00,2571,145.4,-145.4,-133.1013274336283,133.1013274336283
2026-03-02 18:56:02+07:00,2573,141.1,-141.1,-137.40132743362832,137.40132743362832
2026-03-02 19:06:02+07:00,2575,136.9,-136.9,-141.6013274336283,141.6013274336283
2026-03-02 19:16:02+07:00,2577,133.7,-133.7,-144.80132743362833,144.80132743362833
2026-03-02 19:26:02+07:00,2579,130.4,-130.4,-148.1013274336283,148.1013274336283
2026-03-02 19:36:02+07:00,2582,125.0,-125.0,-153.50132743362832,153.50132743362832
2026-03-02 19:46:02+07:00,2585,122.9,-122.9,-155.6013274336283,155.6013274336283
2026-03-02 19:56:02+07:00,2587,121.1,-121.1,-157.40132743362832,157.40132743362832
2026-03-02 20:06:02+07:00,2589,119.5,-119.5,-159.00132743362832,159.00132743362832
2026-03-02 20:16:02+07:00,2591,118.8,-118.8,-159.7013274336283,159.7013274336283
2026-03-02 20:26:02+07:00,2593,118.0,-118.0,-160.50132743362832,160.50132743362832
2026-03-02 20:36:02+07:00,2596,118.3,-118.3,-160.2013274336283,160.2013274336283
2026-03-02 20:46:02+07:00,2599,118.7,-118.7,-159.80132743362833,159.80132743362833
2026-03-02 20:56:02+07:00,2601,119.8,-119.8,-158.7013274336283,158.7013274336283
2026-03-02 21:06:02+07:00,2603,121.2,-121.2,-157.30132743362833,157.30132743362833
2026-03-02 21:16:02+07:00,2605,123.0,-123.0,-155.50132743362832,155.50132743362832
2026-03-02 21:26:02+07:00,2607,125.6,-125.6,-152.90132743362832,152.90132743362832
2026-03-02 21:36:02+07:00,2610,130.5,-130.5,-148.00132743362832,148.00132743362832
2026-03-02 21:46:02+07:00,2613,133.2,-133.2,-145.30132743362833,145.30132743362833
2026-03-02 21:56:02+07:00,2615,137.2,-137.2,-141.30132743362833,141.30132743362833
2026-03-02 22:06:02+07:00,2617,140.7,-140.7,-137.80132743362833,137.80132743362833
2026-03-02 22:16:02+07:00,2619,145.3,-145.3,-133.2013274336283,133.2013274336283
2026-03-02 22:26:02+07:00,2621,150.2,-150.2,-128.30132743362833,128.30132743362833
2026-03-02 22:36:02+07:00,2624,159.6,-159.6,-118.90132743362832,118.90132743362832
2026-03-02 22:46:02+07:00,2625,164.2,-164.2,-114.30132743362833,114.30132743362833
2026-03-02 22:56:02+07:00,2627,168.9,-168.9,-109.60132743362831,109.60132743362831
2026-03-02 23:06:02+07:00,2629,174.3,-174.3,-104.20132743362831,104.20132743362831
2026-03-02 23:16:02+07:00,2631,179.5,-179.5,-99.00132743362832,99.00132743362832
2026-03-02 23:26:02+07:00,2633,185.3,-185.3,-93.20132743362831,93.20132743362831
2026-03-02 23:36:02+07:00,2636,195.5,-195.5,-83.00132743362832,83.00132743362832
2026-03-02 23:46:02+07:00,2639,200.4,-200.4,-78.10132743362831,78.10132743362831
2026-03-02 23:56:02+07:00,2641,205.7,-205.7,-72.80132743362833,72.80132743362833
2026-03-03 00:06:02+07:00,2643,211.1,-211.1,-67.40132743362832,67.40132743362832
2026-03-03 00:16:02+07:00,2645,216.2,-216.2,-62.30132743362833,62.30132743362833
2026-03-03 00:26:02+07:00,2647,221.2,-221.2,-57.30132743362833,57.30132743362833
2026-03-03 00:36:02+07:00,2650,230.6,-230.6,-47.901327433628325,47.901327433628325
2026-03-03 00:46:02+07:00,2653,234.9,-234.9,-43.60132743362831,43.60132743362831
2026-03-03 00:56:02+07:00,2655,239.5,-239.5,-39.00132743362832,39.00132743362832
2026-03-03 01:06:02+07:00,2657,243.7,-243.7,-34.80132743362833,34.80132743362833
2026-03-03 01:16:02+07:00,2659,248.1,-248.1,-30.401327433628325,30.401327433628325
2026-03-03 01:26:02+07:00,2661,252.3,-252.3,-26.201327433628308,26.201327433628308
2026-03-03 01:36:02+07:00,2664,260.3,-260.3,-18.201327433628308,18.201327433628308
2026-03-03 01:46:02+07:00,2667,263.8,-263.8,-14.701327433628308,14.701327433628308
2026-03-03 01:56:02+07:00,2669,267.5,-267.5,-11.001327433628319,11.001327433628319
2026-03-03 02:06:02+07:00,2671,271.0,-271.0,-7.501327433628319,7.501327433628319
2026-03-03 02:16:02+07:00,2673,274.8,-274.8,-3.7013274336283075,3.7013274336283075
2026-03-03 02:26:02+07:00,2675,278.5,-278.5,-0.001327433628318886,0.001327433628318886
2026-03-03 02:36:02+07:00,2678,285.6,-285.6,7.098672566371704,-7.098672566371704
2026-03-03 02:46:02+07:00,2681,289.2,-289.2,10.69867256637167,-10.69867256637167
2026-03-03 02:56:02+07:00,2683,292.5,-292.5,13.998672566371681,-13.998672566371681
2026-03-03 03:06:02+07:00,2686,300.1,-300.1,21.598672566371704,-21.598672566371704
2026-03-03 03:16:02+07:00,2688,302.9,-302.9,24.39867256637166,-24.39867256637166
2026-03-03 03:26:02+07:00,2691,310.3,-310.3,31.798672566371692,-31.798672566371692
2026-03-03 03:36:02+07:00,2694,313.8,-313.8,35.29867256637169,-35.29867256637169
2026-03-03 03:46:02+07:00,2697,319.3,-319.3,40.79867256637169,-40.79867256637169
2026-03-03 03:56:02+07:00,2699,322.4,-322.4,43.89867256637166,-43.89867256637166
2026-03-03 04:06:02+07:00,2703,329.8,-329.8,51.29867256637169,-51.29867256637169
2026-03-03 04:16:02+07:00,2706,332.0,-332.0,53.49867256637168,-53.49867256637168
2026-03-03 04:26:02+07:00,2709,335.8,-335.8,57.29867256637169,-57.29867256637169
2026-03-03 04:36:02+07:00,2711,337.4,-337.4,58.89867256637166,-58.89867256637166
2026-03-03 04:46:02+07:00,2713,338.8,-338.8,60.29867256637169,-60.29867256637169
2026-03-03 04:56:02+07:00,2716,339.7,-339.7,61.19867256637167,-61.19867256637167
2026-03-03 05:06:02+07:00,2719,340.0,-340.0,61.49867256637168,-61.49867256637168
2026-03-03 05:16:02+07:00,2722,339.6,-339.6,61.098672566371704,-61.098672566371704
2026-03-03 05:26:02+07:00,2724,339.6,-339.6,61.098672566371704,-61.098672566371704
2026-03-03 05:36:02+07:00,2728,339.7,-339.7,61.19867256637167,-61.19867256637167
2026-03-03 05:46:02+07:00,2731,340.0,-340.0,61.49867256637168,-61.49867256637168
2026-03-03 05:56:02+07:00,2734,341.5,-341.5,62.99867256637168,-62.99867256637168
2026-03-03 06:06:02+07:00,2736,342.8,-342.8,64.29867256637169,-64.29867256637169
2026-03-03 06:16:02+07:00,2738,344.3,-344.3,65.79867256637169,-65.79867256637169
2026-03-03 06:26:02+07:00,2741,347.9,-347.9,69.39867256637166,-69.39867256637166
2026-03-03 06:36:02+07:00,2744,350.0,-350.0,71.49867256637168,-71.49867256637168
2026-03-03 06:46:02+07:00,2746,352.4,-352.4,73.89867256637166,-73.89867256637166
2026-03-03 06:56:02+07:00,2748,355.6,-355.6,77.0986725663717,-77.0986725663717
2026-03-03 07:06:02+07:00,2750,358.7,-358.7,80.19867256637167,-80.19867256637167
2026-03-03 07:16:02+07:00,2752,362.0,-362.0,83.49867256637168,-83.49867256637168
2026-03-03 07:26:02+07:00,2755,368.2,-368.2,89.69867256637167,-89.69867256637167
2026-03-03 07:36:02+07:00,2758,371.3,-371.3,92.79867256637169,-92.79867256637169
2026-03-03 07:46:02+07:00,2760,374.3,-374.3,95.79867256637169,-95.79867256637169
2026-03-03 07:56:02+07:00,2762,374.3,-374.3,95.79867256637169,-95.79867256637169
2026-03-03 08:06:02+07:00,2764,374.3,-374.3,95.79867256637169,-95.79867256637169
2026-03-03 08:16:02+07:00,2766,374.3,-374.3,95.79867256637169,-95.79867256637169
2026-03-03 08:26:02+07:00,2769,374.3,-374.3,95.79867256637169,-95.79867256637169
2026-03-03 08:36:02+07:00,2772,374.3,-374.3,95.79867256637169,-95.79867256637169
2026-03-03 08:46:02+07:00,2774,374.3,-374.3,95.79867256637169,-95.79867256637169
2026-03-03 08:56:02+07:00,2776,374.3,-374.3,95.79867256637169,-95.79867256637169
2026-03-03 09:06:02+07:00,2778,374.3,-374.3,95.79867256637169,-95.79867256637169
2026-03-03 09:16:02+07:00,2780,374.3,-374.3,95.79867256637169,-95.79867256637169
2026-03-03 09:26:02+07:00,2783,374.3,-374.3,95.79867256637169,-95.79867256637169
2026-03-03 09:36:02+07:00,2786,374.3,-374.3,95.79867256637169,-95.79867256637169
2026-03-03 09:46:02+07:00,2788,374.3,-374.3,95.79867256637169,-95.79867256637169
2026-03-03 09:56:02+07:00,2790,374.3,-374.3,95.79867256637169,-95.79867256637169
2026-03-03 10:06:02+07:00,2792,374.3,-374.3,95.79867256637169,-95.79867256637169
2026-03-03 10:16:02+07:00,2794,374.3,-374.3,95.79867256637169,-95.79867256637169
2026-03-03 10:26:02+07:00,2797,374.3,-374.3,95.79867256637169,-95.79867256637169
2026-03-03 10:36:02+07:00,2800,374.3,-374.3,95.79867256637169,-95.79867256637169
2026-03-03 10:46:02+07:00,2801,374.3,-374.3,95.79867256637169,-95.79867256637169
2026-03-03 10:56:02+07:00,2802,374.3,-374.3,95.79867256637169,-95.79867256637169
2026-03-03 11:06:02+07:00,2803,374.3,-374.3,95.79867256637169,-95.79867256637169
2026-03-03 11:16:02+07:00,2804,374.3,-374.3,95.79867256637169,-95.79867256637169
2026-03-03 11:26:02+07:00,2806,374.3,-374.3,95.79867256637169,-95.79867256637169
2026-03-03 11:36:02+07:00,2807,374.3,-374.3,95.79867256637169,-95.79867256637169
2026-03-03 11:46:02+07:00,2808,374.3,-374.3,95.79867256637169,-95.79867256637169
2026-03-03 11:56:02+07:00,2809,374.3,-374.3,95.79867256637169,-95.79867256637169
2026-03-03 12:06:02+07:00,2810,375.2,-375.2,96.69867256637167,-96.69867256637167
2026-03-03 12:16:02+07:00,2811,377.4,-377.4,98.89867256637166,-98.89867256637166
2026-03-03 12:26:02+07:00,2813,380.4,-380.4,101.89867256637166,-101.89867256637166
2026-03-03 12:36:02+07:00,2814,380.7,-380.7,102.19867256637167,-102.19867256637167
2026-03-03 12:46:02+07:00,2815,379.8,-379.8,101.29867256637169,-101.29867256637169
2026-03-03 12:56:02+07:00,2816,378.4,-378.4,99.89867256637166,-99.89867256637166
2026-03-03 13:06:02+07:00,2817,375.9,-375.9,97.39867256637166,-97.39867256637166
2026-03-03 13:16:02+07:00,2818,372.9,-372.9,94.39867256637166,-94.39867256637166
2026-03-03 13:26:02+07:00,2820,366.5,-366.5,87.99867256637168,-87.99867256637168
2026-03-03 13:36:02+07:00,2821,362.7,-362.7,84.19867256637167,-84.19867256637167
2026-03-03 13:46:02+07:00,2822,358.3,-358.3,79.79867256637169,-79.79867256637169
2026-03-03 13:56:02+07:00,2823,353.9,-353.9,75.39867256637166,-75.39867256637166
2026-03-03 14:06:02+07:00,2824,348.4,-348.4,69.89867256637166,-69.89867256637166
2026-03-03 14:16:02+07:00,2825,342.5,-342.5,63.99867256637168,-63.99867256637168
2026-03-03 14:26:02+07:00,2827,330.8,-330.8,52.29867256637169,-52.29867256637169
2026-03-03 14:36:02+07:00,2828,325.0,-325.0,46.49867256637168,-46.49867256637168
2026-03-03 14:46:02+07:00,2829,318.8,-318.8,40.29867256637169,-40.29867256637169
2026-03-03 14:56:02+07:00,2830,312.6,-312.6,34.098672566371704,-34.098672566371704
2026-03-03 15:06:02+07:00,2831,306.1,-306.1,27.598672566371704,-27.598672566371704
2026-03-03 15:16:02+07:00,2832,299.5,-299.5,20.99867256637168,-20.99867256637168
2026-03-03 15:26:02+07:00,2834,286.8,-286.8,8.298672566371692,-8.298672566371692
2026-03-03 15:36:02+07:00,2835,280.0,-280.0,1.4986725663716811,-1.4986725663716811
2026-03-03 15:46:02+07:00,2836,272.1,-272.1,-6.401327433628296,6.401327433628296
2026-03-03 15:56:02+07:00,2837,263.9,-263.9,-14.601327433628342,14.601327433628342
2026-03-03 16:06:02+07:00,2838,255.5,-255.5,-23.00132743362832,23.00132743362832
2026-03-03 16:16:02+07:00,2839,246.8,-246.8,-31.701327433628308,31.701327433628308
2026-03-03 16:26:02+07:00,2841,231.2,-231.2,-47.30132743362833,47.30132743362833
2026-03-03 16:36:02+07:00,2842,224.0,-224.0,-54.50132743362832,54.50132743362832
2026-03-03 16:46:02+07:00,2843,216.9,-216.9,-61.60132743362831,61.60132743362831
2026-03-03 16:56:02+07:00,2844,209.8,-209.8,-68.70132743362831,68.70132743362831
2026-03-03 17:06:02+07:00,2845,23.7,-23.7,-254.80132743362833,254.80132743362833
2026-03-03 17:16:02+07:00,2846,42.7,-42.7,-235.80132743362833,235.80132743362833
2026-03-03 17:26:02+07:00,2847,58.3,-58.3,-220.2013274336283,220.2013274336283
2026-03-03 17:36:02+07:00,2848,70.6,-70.6,-207.90132743362832,207.90132743362832
2026-03-03 17:46:02+07:00,2849,80.9,-80.9,-197.6013274336283,197.6013274336283
2026-03-03 17:56:02+07:00,2851,102.2,-102.2,-176.30132743362833,176.30132743362833
2026-03-03 18:06:02+07:00,2852,106.6,-106.6,-171.90132743362832,171.90132743362832
2026-03-03 18:16:02+07:00,2853,111.0,-111.0,-167.50132743362832,167.50132743362832
2026-03-03 18:26:02+07:00,2854,114.3,-114.3,-164.2013274336283,164.2013274336283
2026-03-03 18:36:02+07:00,2855,116.9,-116.9,-161.6013274336283,161.6013274336283
2026-03-03 18:46:02+07:00,2857,122.8,-122.8,-155.7013274336283,155.7013274336283
2026-03-03 18:56:02+07:00,2858,123.8,-123.8,-154.7013274336283,154.7013274336283
2026-03-03 19:06:02+07:00,2859,124.8,-124.8,-153.7013274336283,153.7013274336283
2026-03-03 19:16:02+07:00,2860,127.1,-127.1,-151.40132743362832,151.40132743362832
2026-03-03 19:26:02+07:00,2861,129.2,-129.2,-149.30132743362833,149.30132743362833
2026-03-03 19:36:02+07:00,2863,135.0,-135.0,-143.50132743362832,143.50132743362832
2026-03-03 19:46:02+07:00,2864,137.7,-137.7,-140.80132743362833,140.80132743362833
2026-03-03 19:56:02+07:00,2865,139.7,-139.7,-138.80132743362833,138.80132743362833
2026-03-03 20:06:02+07:00,2866,142.4,-142.4,-136.1013274336283,136.1013274336283
2026-03-03 20:16:02+07:00,2867,145.3,-145.3,-133.2013274336283,133.2013274336283
2026-03-03 20:26:02+07:00,2869,154.3,-154.3,-124.20132743362831,124.20132743362831
2026-03-03 20:36:02+07:00,2870,157.6,-157.6,-120.90132743362832,120.90132743362832
2026-03-03 20:46:02+07:00,2871,161.8,-161.8,-116.70132743362831,116.70132743362831
2026-03-03 20:56:02+07:00,2872,166.5,-166.5,-112.00132743362832,112.00132743362832
2026-03-03 21:06:02+07:00,2873,171.4,-171.4,-107.10132743362831,107.10132743362831
2026-03-03 21:16:02+07:00,2875,185.4,-185.4,-93.10132743362831,93.10132743362831
2026-03-03 21:26:02+07:00,2876,190.5,-190.5,-88.00132743362832,88.00132743362832
2026-03-03 21:36:02+07:00,2877,195.8,-195.8,-82.70132743362831,82.70132743362831
2026-03-03 21:46:02+07:00,2878,201.2,-201.2,-77.30132743362833,77.30132743362833
2026-03-03 21:56:02+07:00,2879,206.4,-206.4,-72.10132743362831,72.10132743362831
2026-03-03 22:06:02+07:00,2881,219.5,-219.5,-59.00132743362832,59.00132743362832
2026-03-03 22:16:02+07:00,2882,223.7,-223.7,-54.80132743362833,54.80132743362833
2026-03-03 22:26:02+07:00,2883,228.1,-228.1,-50.401327433628325,50.401327433628325
2026-03-03 22:36:02+07:00,2884,232.3,-232.3,-46.20132743362831,46.20132743362831
2026-03-03 22:46:02+07:00,2885,236.8,-236.8,-41.70132743362831,41.70132743362831
2026-03-03 22:56:02+07:00,2887,248.6,-248.6,-29.901327433628325,29.901327433628325
2026-03-03 23:06:02+07:00,2888,252.3,-252.3,-26.201327433628308,26.201327433628308
2026-03-03 23:16:02+07:00,2889,255.7,-255.7,-22.80132743362833,22.80132743362833
2026-03-03 23:26:02+07:00,2890,42.2,-42.2,-236.30132743362833,236.30132743362833
2026-03-03 23:36:02+07:00,2891,78.4,-78.4,-200.1013274336283,200.1013274336283
2026-03-03 23:46:02+07:00,2892,109.9,-109.9,-168.6013274336283,168.6013274336283
2026-03-03 23:56:02+07:00,2893,136.8,-136.8,-141.7013274336283,141.7013274336283
2026-03-04 00:06:02+07:00,2894,159.9,-159.9,-118.60132743362831,118.60132743362831
2026-03-04 00:16:02+07:00,2896,212.0,-212.0,-66.50132743362832,66.50132743362832
2026-03-04 00:26:02+07:00,2897,224.9,-224.9,-53.60132743362831,53.60132743362831
2026-03-04 00:36:02+07:00,2898,236.2,-236.2,-42.30132743362833,42.30132743362833
2026-03-04 00:46:02+07:00,2899,245.9,-245.9,-32.60132743362831,32.60132743362831
2026-03-04 00:56:02+07:00,2900,255.4,-255.4,-23.101327433628313,23.101327433628313
2026-03-04 01:06:02+07:00,2902,271.3,-271.3,-7.2013274336283075,7.2013274336283075
2026-03-04 01:16:02+07:00,2903,278.8,-278.8,0.2986725663716925,-0.2986725663716925
2026-03-04 01:26:02+07:00,2904,285.0,-285.0,6.498672566371681,-6.498672566371681
2026-03-04 01:36:02+07:00,2905,290.4,-290.4,11.898672566371658,-11.898672566371658
2026-03-04 01:46:02+07:00,2906,295.3,-295.3,16.798672566371692,-16.798672566371692
2026-03-04 01:56:02+07:00,2908,305.7,-305.7,27.19867256637167,-27.19867256637167
2026-03-04 02:06:02+07:00,2909,308.6,-308.6,30.098672566371704,-30.098672566371704
2026-03-04 02:16:02+07:00,2910,311.2,-311.2,32.69867256637167,-32.69867256637167
2026-03-04 02:26:02+07:00,2911,313.0,-313.0,34.49867256637168,-34.49867256637168
2026-03-04 02:36:02+07:00,2912,314.3,-314.3,35.79867256637169,-35.79867256637169
2026-03-04 02:46:02+07:00,2914,315.4,-315.4,36.89867256637166,-36.89867256637166
2026-03-04 02:56:02+07:00,2915,315.1,-315.1,36.598672566371704,-36.598672566371704
2026-03-04 03:06:02+07:00,2916,314.0,-314.0,35.49867256637168,-35.49867256637168
2026-03-04 03:16:02+07:00,2917,312.9,-312.9,34.39867256637166,-34.39867256637166
2026-03-04 03:26:02+07:00,2918,311.6,-311.6,33.098672566371704,-33.098672566371704
2026-03-04 03:36:02+07:00,2920,309.5,-309.5,30.99867256637168,-30.99867256637168
2026-03-04 03:46:02+07:00,2921,309.1,-309.1,30.598672566371704,-30.598672566371704
2026-03-04 03:56:02+07:00,2922,309.6,-309.6,31.098672566371704,-31.098672566371704
2026-03-04 04:06:02+07:00,2923,310.2,-310.2,31.69867256637167,-31.69867256637167
2026-03-04 04:16:02+07:00,2924,311.3,-311.3,32.79867256637169,-32.79867256637169
2026-03-04 04:26:02+07:00,2926,316.7,-316.7,38.19867256637167,-38.19867256637167
2026-03-04 04:36:02+07:00,2928,318.8,-318.8,40.29867256637169,-40.29867256637169
2026-03-04 04:46:02+07:00,2930,321.3,-321.3,42.79867256637169,-42.79867256637169
2026-03-04 04:56:02+07:00,2932,323.9,-323.9,45.39867256637166,-45.39867256637166
2026-03-04 05:06:02+07:00,2934,326.9,-326.9,48.39867256637166,-48.39867256637166
2026-03-04 05:16:02+07:00,2939,335.3,-335.3,56.79867256637169,-56.79867256637169
2026-03-04 05:26:02+07:00,2941,338.6,-338.6,60.098672566371704,-60.098672566371704
2026-03-04 05:36:02+07:00,2943,341.0,-341.0,62.49867256637168,-62.49867256637168
2026-03-04 05:46:02+07:00,2945,344.5,-344.5,65.99867256637168,-65.99867256637168
2026-03-04 05:56:02+07:00,2947,346.9,-346.9,68.39867256637166,-68.39867256637166
2026-03-04 06:06:02+07:00,2952,354.7,-354.7,76.19867256637167,-76.19867256637167
2026-03-04 06:16:02+07:00,2954,357.1,-357.1,78.5986725663717,-78.5986725663717
2026-03-04 06:26:02+07:00,2956,360.6,-360.6,82.0986725663717,-82.0986725663717
2026-03-04 06:36:02+07:00,2958,363.2,-363.2,84.69867256637167,-84.69867256637167
2026-03-04 06:46:02+07:00,2960,366.2,-366.2,87.69867256637167,-87.69867256637167
2026-03-04 06:56:02+07:00,2965,374.2,-374.2,95.69867256637167,-95.69867256637167
2026-03-04 07:06:02+07:00,2967,374.2,-374.2,95.69867256637167,-95.69867256637167
2026-03-04 07:16:02+07:00,2969,374.2,-374.2,95.69867256637167,-95.69867256637167
2026-03-04 07:26:02+07:00,2971,374.2,-374.2,95.69867256637167,-95.69867256637167
2026-03-04 07:36:02+07:00,2973,374.2,-374.2,95.69867256637167,-95.69867256637167
2026-03-04 07:46:02+07:00,2978,374.2,-374.2,95.69867256637167,-95.69867256637167
2026-03-04 07:56:02+07:00,2980,374.2,-374.2,95.69867256637167,-95.69867256637167
2026-03-04 08:06:02+07:00,2982,374.2,-374.2,95.69867256637167,-95.69867256637167
2026-03-04 08:16:02+07:00,2984,374.2,-374.2,95.69867256637167,-95.69867256637167
2026-03-04 08:26:02+07:00,2986,374.2,-374.2,95.69867256637167,-95.69867256637167
2026-03-04 08:36:02+07:00,2991,374.2,-374.2,95.69867256637167,-95.69867256637167
2026-03-04 08:46:02+07:00,2993,374.2,-374.2,95.69867256637167,-95.69867256637167
2026-03-04 08:56:02+07:00,2995,374.2,-374.2,95.69867256637167,-95.69867256637167
2026-03-04 09:06:02+07:00,2997,374.2,-374.2,95.69867256637167,-95.69867256637167
2026-03-04 09:16:02+07:00,2999,377.2,-377.2,98.69867256637167,-98.69867256637167
2026-03-04 09:26:02+07:00,3004,381.6,-381.6,103.0986725663717,-103.0986725663717
2026-03-04 09:36:02+07:00,3006,381.5,-381.5,102.99867256637168,-102.99867256637168
2026-03-04 09:46:02+07:00,3008,380.7,-380.7,102.19867256637167,-102.19867256637167
2026-03-04 09:56:02+07:00,3010,379.3,-379.3,100.79867256637169,-100.79867256637169
2026-03-04 10:06:02+07:00,3012,377.4,-377.4,98.89867256637166,-98.89867256637166
2026-03-04 10:16:02+07:00,3017,369.6,-369.6,91.0986725663717,-91.0986725663717
2026-03-04 10:26:02+07:00,3019,366.3,-366.3,87.79867256637169,-87.79867256637169
2026-03-04 10:36:02+07:00,3021,362.5,-362.5,83.99867256637168,-83.99867256637168
2026-03-04 10:46:02+07:00,3023,358.1,-358.1,79.5986725663717,-79.5986725663717
2026-03-04 10:56:02+07:00,3025,353.4,-353.4,74.89867256637166,-74.89867256637166
2026-03-04 11:06:02+07:00,3030,339.7,-339.7,61.19867256637167,-61.19867256637167
2026-03-04 11:16:02+07:00,3032,334.7,-334.7,56.19867256637167,-56.19867256637167
2026-03-04 11:26:02+07:00,3034,329.6,-329.6,51.098672566371704,-51.098672566371704
2026-03-04 11:36:02+07:00,3036,324.3,-324.3,45.79867256637169,-45.79867256637169
2026-03-04 11:46:02+07:00,3038,318.4,-318.4,39.89867256637166,-39.89867256637166
2026-03-04 11:56:02+07:00,3043,301.7,-301.7,23.19867256637167,-23.19867256637167
2026-03-04 12:06:02+07:00,3045,295.6,-295.6,17.098672566371704,-17.098672566371704
2026-03-04 12:16:02+07:00,3047,288.7,-288.7,10.19867256637167,-10.19867256637167
2026-03-04 12:26:02+07:00,3049,281.5,-281.5,2.998672566371681,-2.998672566371681
2026-03-04 12:36:02+07:00,3051,274.1,-274.1,-4.401327433628296,4.401327433628296
2026-03-04 12:46:02+07:00,3056,253.0,-253.0,-25.50132743362832,25.50132743362832
2026-03-04 12:56:02+07:00,3058,246.0,-246.0,-32.50132743362832,32.50132743362832
2026-03-04 13:06:02+07:00,3060,239.7,-239.7,-38.80132743362833,38.80132743362833
2026-03-04 13:16:02+07:00,3062,232.6,-232.6,-45.901327433628325,45.901327433628325
2026-03-04 13:26:02+07:00,3064,225.8,-225.8,-52.70132743362831,52.70132743362831
2026-03-04 13:36:02+07:00,3069,207.1,-207.1,-71.40132743362832,71.40132743362832
2026-03-04 13:46:02+07:00,3071,201.8,-201.8,-76.70132743362831,76.70132743362831
2026-03-04 13:56:02+07:00,3073,196.1,-196.1,-82.40132743362832,82.40132743362832
2026-03-04 14:06:02+07:00,3075,190.4,-190.4,-88.10132743362831,88.10132743362831
2026-03-04 14:16:02+07:00,3077,185.6,-185.6,-92.90132743362832,92.90132743362832
2026-03-04 14:26:02+07:00,3082,173.5,-173.5,-105.00132743362832,105.00132743362832
2026-03-04 14:36:02+07:00,3084,170.4,-170.4,-108.10132743362831,108.10132743362831
2026-03-04 14:46:02+07:00,3086,167.8,-167.8,-110.70132743362831,110.70132743362831
2026-03-04 14:56:02+07:00,3088,165.5,-165.5,-113.00132743362832,113.00132743362832
2026-03-04 15:06:02+07:00,3090,163.5,-163.5,-115.00132743362832,115.00132743362832
2026-03-04 15:16:02+07:00,3095,160.4,-160.4,-118.10132743362831,118.10132743362831
2026-03-04 15:26:02+07:00,3097,160.2,-160.2,-118.30132743362833,118.30132743362833
2026-03-04 15:36:02+07:00,3099,160.3,-160.3,-118.20132743362831,118.20132743362831
2026-03-04 15:46:02+07:00,3101,160.6,-160.6,-117.90132743362832,117.90132743362832
2026-03-04 15:56:02+07:00,3103,161.9,-161.9,-116.60132743362831,116.60132743362831
2026-03-04 16:06:02+07:00,3108,165.4,-165.4,-113.10132743362831,113.10132743362831
2026-03-04 16:16:02+07:00,3110,167.3,-167.3,-111.20132743362831,111.20132743362831
2026-03-04 16:26:02+07:00,3112,169.9,-169.9,-108.60132743362831,108.60132743362831
2026-03-04 16:36:02+07:00,3114,172.5,-172.5,-106.00132743362832,106.00132743362832
2026-03-04 16:46:02+07:00,3116,175.7,-175.7,-102.80132743362833,102.80132743362833
2026-03-04 16:56:02+07:00,3121,185.7,-185.7,-92.80132743362833,92.80132743362833
2026-03-04 17:06:02+07:00,3123,189.7,-189.7,-88.80132743362833,88.80132743362833
2026-03-04 17:16:02+07:00,3125,193.8,-193.8,-84.70132743362831,84.70132743362831
2026-03-04 17:26:02+07:00,3127,198.9,-198.9,-79.60132743362831,79.60132743362831
2026-03-04 17:36:02+07:00,3129,203.8,-203.8,-74.70132743362831,74.70132743362831
2026-03-04 17:46:02+07:00,3134,218.6,-218.6,-59.901327433628325,59.901327433628325
2026-03-04 17:56:02+07:00,3136,223.4,-223.4,-55.10132743362831,55.10132743362831
2026-03-04 18:06:02+07:00,3138,228.1,-228.1,-50.401327433628325,50.401327433628325
2026-03-04 18:16:02+07:00,3140,233.2,-233.2,-45.30132743362833,45.30132743362833
2026-03-04 18:26:02+07:00,3142,238.2,-238.2,-40.30132743362833,40.30132743362833
2026-03-04 18:36:02+07:00,3147,251.5,-251.5,-27.00132743362832,27.00132743362832
2026-03-04 18:46:02+07:00,3149,255.8,-255.8,-22.701327433628308,22.701327433628308
2026-03-04 18:56:02+07:00,3151,259.5,-259.5,-19.00132743362832,19.00132743362832
2026-03-04 19:06:02+07:00,3153,264.0,-264.0,-14.501327433628319,14.501327433628319
2026-03-04 19:16:02+07:00,3155,268.6,-268.6,-9.901327433628296,9.901327433628296
2026-03-04 19:26:02+07:00,3160,277.4,-277.4,-1.1013274336283416,1.1013274336283416
2026-03-04 19:36:02+07:00,3162,280.6,-280.6,2.098672566371704,-2.098672566371704
2026-03-04 19:46:02+07:00,3164,283.2,-283.2,4.69867256637167,-4.69867256637167
2026-03-04 19:56:02+07:00,3173,303.4,-303.4,24.89867256637166,-24.89867256637166
2026-03-04 20:06:02+07:00,3175,304.9,-304.9,26.39867256637166,-26.39867256637166
2026-03-04 20:16:02+07:00,3178,307.0,-307.0,28.49867256637168,-28.49867256637168
2026-03-04 20:26:02+07:00,3181,308.2,-308.2,29.69867256637167,-29.69867256637167
2026-03-04 20:36:02+07:00,3183,309.7,-309.7,31.19867256637167,-31.19867256637167
2026-03-04 20:46:02+07:00,3185,310.5,-310.5,31.99867256637168,-31.99867256637168
2026-03-04 20:56:02+07:00,3187,311.3,-311.3,32.79867256637169,-32.79867256637169
2026-03-04 21:06:02+07:00,3189,311.8,-311.8,33.29867256637169,-33.29867256637169
2026-03-04 21:16:02+07:00,3193,312.3,-312.3,33.79867256637169,-33.79867256637169
2026-03-04 21:26:02+07:00,3195,312.0,-312.0,33.49867256637168,-33.49867256637168
2026-03-04 21:36:02+07:00,3197,312.1,-312.1,33.598672566371704,-33.598672566371704
2026-03-04 21:46:02+07:00,3199,311.1,-311.1,32.598672566371704,-32.598672566371704
2026-03-04 21:56:02+07:00,3201,310.4,-310.4,31.89867256637166,-31.89867256637166
2026-03-04 22:06:02+07:00,3203,308.1,-308.1,29.598672566371704,-29.598672566371704
2026-03-04 22:16:02+07:00,3206,303.7,-303.7,25.19867256637167,-25.19867256637167
2026-03-04 22:26:02+07:00,3208,301.6,-301.6,23.098672566371704,-23.098672566371704
2026-03-04 22:36:02+07:00,3210,299.6,-299.6,21.098672566371704,-21.098672566371704
2026-03-04 22:46:02+07:00,3212,296.4,-296.4,17.89867256637166,-17.89867256637166
2026-03-04 22:56:02+07:00,3214,293.0,-293.0,14.498672566371681,-14.498672566371681
2026-03-04 23:06:02+07:00,3216,290.6,-290.6,12.098672566371704,-12.098672566371704
2026-03-04 23:16:02+07:00,3219,285.2,-285.2,6.69867256637167,-6.69867256637167
2026-03-04 23:26:02+07:00,3221,282.6,-282.6,4.098672566371704,-4.098672566371704
2026-03-04 23:36:02+07:00,3223,280.4,-280.4,1.8986725663716584,-1.8986725663716584
2026-03-04 23:46:02+07:00,3225,279.2,-279.2,0.6986725663716697,-0.6986725663716697
2026-03-04 23:56:02+07:00,3227,277.2,-277.2,-1.3013274336283303,1.3013274336283303
2026-03-05 00:06:02+07:00,3229,276.4,-276.4,-2.1013274336283416,2.1013274336283416
2026-03-05 00:16:02+07:00,3232,275.1,-275.1,-3.401327433628296,3.401327433628296
2026-03-05 00:26:02+07:00,3234,274.6,-274.6,-3.901327433628296,3.901327433628296
2026-03-05 00:36:02+07:00,3236,275.0,-275.0,-3.501327433628319,3.501327433628319
2026-03-05 00:46:02+07:00,3238,275.6,-275.6,-2.901327433628296,2.901327433628296
2026-03-05 00:56:02+07:00,3240,276.8,-276.8,-1.7013274336283075,1.7013274336283075
2026-03-05 01:06:02+07:00,3242,277.8,-277.8,-0.7013274336283075,0.7013274336283075
2026-03-05 01:16:02+07:00,3245,280.2,-280.2,1.6986725663716697,-1.6986725663716697
2026-03-05 01:26:02+07:00,3247,281.7,-281.7,3.1986725663716697,-3.1986725663716697
2026-03-05 01:36:02+07:00,3249,283.9,-283.9,5.398672566371658,-5.398672566371658
2026-03-05 01:46:02+07:00,3251,286.4,-286.4,7.898672566371658,-7.898672566371658
2026-03-05 01:56:02+07:00,3253,289.2,-289.2,10.69867256637167,-10.69867256637167
2026-03-05 02:06:02+07:00,3254,292.0,-292.0,13.498672566371681,-13.498672566371681
2026-03-05 02:16:02+07:00,3257,297.5,-297.5,18.99867256637168,-18.99867256637168
2026-03-05 02:26:02+07:00,3259,299.9,-299.9,21.39867256637166,-21.39867256637166
2026-03-05 02:36:02+07:00,3261,303.0,-303.0,24.49867256637168,-24.49867256637168
2026-03-05 02:46:02+07:00,3263,306.4,-306.4,27.89867256637166,-27.89867256637166
2026-03-05 02:56:02+07:00,3264,309.8,-309.8,31.298672566371692,-31.298672566371692
2026-03-05 03:06:02+07:00,3266,313.3,-313.3,34.79867256637169,-34.79867256637169
2026-03-05 03:16:02+07:00,3269,319.3,-319.3,40.79867256637169,-40.79867256637169
2026-03-05 03:26:02+07:00,3271,322.8,-322.8,44.29867256637169,-44.29867256637169
2026-03-05 03:36:02+07:00,3273,326.7,-326.7,48.19867256637167,-48.19867256637167
2026-03-05 03:46:02+07:00,3275,329.6,-329.6,51.098672566371704,-51.098672566371704
2026-03-05 03:56:02+07:00,3277,333.0,-333.0,54.49867256637168,-54.49867256637168
2026-03-05 04:06:02+07:00,3279,336.4,-336.4,57.89867256637166,-57.89867256637166
2026-03-05 04:16:02+07:00,3282,342.6,-342.6,64.0986725663717,-64.0986725663717
2026-03-05 04:26:02+07:00,3284,344.6,-344.6,66.0986725663717,-66.0986725663717
2026-03-05 04:36:02+07:00,3286,347.1,-347.1,68.5986725663717,-68.5986725663717
2026-03-05 04:46:02+07:00,3288,349.3,-349.3,70.79867256637169,-70.79867256637169
2026-03-05 04:56:02+07:00,3290,352.3,-352.3,73.79867256637169,-73.79867256637169
2026-03-05 05:06:02+07:00,3292,353.6,-353.6,75.0986725663717,-75.0986725663717
2026-03-05 05:16:02+07:00,3295,356.9,-356.9,78.39867256637166,-78.39867256637166
2026-03-05 05:26:02+07:00,3297,359.4,-359.4,80.89867256637166,-80.89867256637166
2026-03-05 05:36:02+07:00,3299,361.7,-361.7,83.19867256637167,-83.19867256637167
2026-03-05 05:46:02+07:00,3301,362.1,-362.1,83.5986725663717,-83.5986725663717
2026-03-05 05:56:02+07:00,3303,362.9,-362.9,84.39867256637166,-84.39867256637166
2026-03-05 06:06:02+07:00,3305,363.7,-363.7,85.19867256637167,-85.19867256637167
2026-03-05 06:16:02+07:00,3308,365.2,-365.2,86.69867256637167,-86.69867256637167
2026-03-05 06:26:02+07:00,3310,365.7,-365.7,87.19867256637167,-87.19867256637167
2026-03-05 06:36:02+07:00,3312,365.8,-365.8,87.29867256637169,-87.29867256637169
2026-03-05 06:46:02+07:00,3314,365.9,-365.9,87.39867256637166,-87.39867256637166
2026-03-05 06:56:02+07:00,3316,366.3,-366.3,87.79867256637169,-87.79867256637169
2026-03-05 07:06:02+07:00,3318,366.6,-366.6,88.0986725663717,-88.0986725663717
2026-03-05 07:16:02+07:00,3321,366.4,-366.4,87.89867256637166,-87.89867256637166
2026-03-05 07:26:02+07:00,3323,365.6,-365.6,87.0986725663717,-87.0986725663717
2026-03-05 07:36:02+07:00,3325,363.3,-363.3,84.79867256637169,-84.79867256637169
2026-03-05 07:46:02+07:00,3327,360.3,-360.3,81.79867256637169,-81.79867256637169
2026-03-05 07:56:02+07:00,3329,358.4,-358.4,79.89867256637166,-79.89867256637166
2026-03-05 08:06:02+07:00,3331,354.9,-354.9,76.39867256637166,-76.39867256637166
2026-03-05 08:16:02+07:00,3334,347.5,-347.5,68.99867256637168,-68.99867256637168
2026-03-05 08:26:02+07:00,3336,343.8,-343.8,65.29867256637169,-65.29867256637169
2026-03-05 08:36:02+07:00,3338,339.8,-339.8,61.29867256637169,-61.29867256637169
2026-03-05 08:46:02+07:00,3340,336.6,-336.6,58.098672566371704,-58.098672566371704
2026-03-05 08:56:02+07:00,3342,331.4,-331.4,52.89867256637166,-52.89867256637166
2026-03-05 09:06:02+07:00,3344,325.8,-325.8,47.29867256637169,-47.29867256637169
2026-03-05 09:16:02+07:00,3347,316.6,-316.6,38.098672566371704,-38.098672566371704
2026-03-05 09:26:02+07:00,3349,311.5,-311.5,32.99867256637168,-32.99867256637168
2026-03-05 09:36:02+07:00,3351,306.7,-306.7,28.19867256637167,-28.19867256637167
2026-03-05 09:46:02+07:00,3353,301.9,-301.9,23.39867256637166,-23.39867256637166
2026-03-05 09:56:02+07:00,3355,297.1,-297.1,18.598672566371704,-18.598672566371704
2026-03-05 10:06:02+07:00,3357,292.1,-292.1,13.598672566371704,-13.598672566371704
2026-03-05 10:16:02+07:00,3360,282.4,-282.4,3.8986725663716584,-3.8986725663716584
2026-03-05 10:26:02+07:00,3362,277.5,-277.5,-1.0013274336283189,1.0013274336283189
2026-03-05 10:36:02+07:00,3364,272.4,-272.4,-6.101327433628342,6.101327433628342
2026-03-05 10:46:02+07:00,3366,266.6,-266.6,-11.901327433628296,11.901327433628296
2026-03-05 10:56:02+07:00,3368,261.3,-261.3,-17.201327433628308,17.201327433628308
2026-03-05 11:06:02+07:00,3370,255.2,-255.2,-23.30132743362833,23.30132743362833
2026-03-05 11:16:02+07:00,3373,243.1,-243.1,-35.401327433628325,35.401327433628325
2026-03-05 11:26:02+07:00,3375,237.3,-237.3,-41.20132743362831,41.20132743362831
2026-03-05 11:36:02+07:00,3377,231.7,-231.7,-46.80132743362833,46.80132743362833
2026-03-05 11:46:02+07:00,3379,226.1,-226.1,-52.401327433628325,52.401327433628325
2026-03-05 11:56:02+07:00,3381,220.6,-220.6,-57.901327433628325,57.901327433628325
2026-03-05 12:06:02+07:00,3383,214.9,-214.9,-63.60132743362831,63.60132743362831
2026-03-05 12:16:02+07:00,3386,205.8,-205.8,-72.70132743362831,72.70132743362831
2026-03-05 12:26:02+07:00,3388,201.5,-201.5,-77.00132743362832,77.00132743362832
2026-03-05 12:36:02+07:00,3390,197.1,-197.1,-81.40132743362832,81.40132743362832
2026-03-05 12:46:02+07:00,3392,193.4,-193.4,-85.10132743362831,85.10132743362831
2026-03-05 12:56:02+07:00,3394,190.3,-190.3,-88.20132743362831,88.20132743362831
2026-03-05 13:06:02+07:00,3396,188.5,-188.5,-90.00132743362832,90.00132743362832
2026-03-05 13:16:02+07:00,3399,185.3,-185.3,-93.20132743362831,93.20132743362831
2026-03-05 13:26:02+07:00,3401,184.2,-184.2,-94.30132743362833,94.30132743362833
2026-03-05 13:36:02+07:00,3403,183.9,-183.9,-94.60132743362831,94.60132743362831
2026-03-05 13:46:02+07:00,3405,184.5,-184.5,-94.00132743362832,94.00132743362832
2026-03-05 13:56:02+07:00,3407,185.9,-185.9,-92.60132743362831,92.60132743362831
2026-03-05 14:06:02+07:00,3409,187.4,-187.4,-91.10132743362831,91.10132743362831
2026-03-05 14:16:02+07:00,3412,189.6,-189.6,-88.90132743362832,88.90132743362832
2026-03-05 14:26:02+07:00,3413,191.3,-191.3,-87.20132743362831,87.20132743362831
2026-03-05 14:36:02+07:00,3415,193.4,-193.4,-85.10132743362831,85.10132743362831
2026-03-05 14:46:02+07:00,3417,196.2,-196.2,-82.30132743362833,82.30132743362833
2026-03-05 14:56:02+07:00,3419,199.0,-199.0,-79.50132743362832,79.50132743362832
2026-03-05 15:06:02+07:00,3421,202.1,-202.1,-76.40132743362832,76.40132743362832
2026-03-05 15:16:02+07:00,3424,208.5,-208.5,-70.00132743362832,70.00132743362832
2026-03-05 15:26:02+07:00,3426,211.7,-211.7,-66.80132743362833,66.80132743362833
2026-03-05 15:36:02+07:00,3428,215.4,-215.4,-63.10132743362831,63.10132743362831
2026-03-05 15:46:02+07:00,3430,219.2,-219.2,-59.30132743362833,59.30132743362833
2026-03-05 15:56:02+07:00,3432,222.5,-222.5,-56.00132743362832,56.00132743362832
2026-03-05 16:06:02+07:00,3434,227.5,-227.5,-51.00132743362832,51.00132743362832
2026-03-05 16:16:02+07:00,3437,236.9,-236.9,-41.60132743362831,41.60132743362831
2026-03-05 16:26:02+07:00,3439,241.4,-241.4,-37.10132743362831,37.10132743362831
2026-03-05 16:36:02+07:00,3441,246.0,-246.0,-32.50132743362832,32.50132743362832
2026-03-05 16:46:02+07:00,3443,250.8,-250.8,-27.701327433628308,27.701327433628308
2026-03-05 16:56:02+07:00,3445,255.4,-255.4,-23.101327433628313,23.101327433628313
2026-03-05 17:06:02+07:00,3447,260.0,-260.0,-18.50132743362832,18.50132743362832
2026-03-05 17:16:02+07:00,3450,268.3,-268.3,-10.201327433628308,10.201327433628308
2026-03-05 17:26:02+07:00,3452,272.1,-272.1,-6.401327433628296,6.401327433628296
2026-03-05 17:36:02+07:00,3454,275.9,-275.9,-2.6013274336283416,2.6013274336283416
2026-03-05 17:46:02+07:00,3456,279.8,-279.8,1.2986725663716925,-1.2986725663716925
2026-03-05 17:56:02+07:00,3458,283.8,-283.8,5.2986725663716925,-5.2986725663716925
2026-03-05 18:06:02+07:00,3460,286.5,-286.5,7.998672566371681,-7.998672566371681
2026-03-05 18:16:02+07:00,3464,293.3,-293.3,14.798672566371692,-14.798672566371692
2026-03-05 18:26:02+07:00,3466,296.6,-296.6,18.098672566371704,-18.098672566371704
2026-03-05 18:36:02+07:00,3468,299.2,-299.2,20.69867256637167,-20.69867256637167
2026-03-05 18:46:02+07:00,3470,301.8,-301.8,23.298672566371692,-23.298672566371692
2026-03-05 18:56:02+07:00,3472,304.1,-304.1,25.598672566371704,-25.598672566371704
2026-03-05 19:06:02+07:00,3474,306.2,-306.2,27.69867256637167,-27.69867256637167
2026-03-05 19:16:02+07:00,3478,310.1,-310.1,31.598672566371704,-31.598672566371704
2026-03-05 19:26:02+07:00,3480,311.7,-311.7,33.19867256637167,-33.19867256637167
2026-03-05 19:36:02+07:00,3482,313.0,-313.0,34.49867256637168,-34.49867256637168
2026-03-05 19:46:02+07:00,3485,315.8,-315.8,37.29867256637169,-37.29867256637169
2026-03-05 19:56:02+07:00,3487,316.7,-316.7,38.19867256637167,-38.19867256637167
2026-03-05 20:06:02+07:00,3491,318.3,-318.3,39.79867256637169,-39.79867256637169
2026-03-05 20:16:02+07:00,3493,318.9,-318.9,40.39867256637166,-40.39867256637166
2026-03-05 20:26:02+07:00,3495,319.0,-319.0,40.49867256637168,-40.49867256637168
2026-03-05 20:36:02+07:00,3497,318.9,-318.9,40.39867256637166,-40.39867256637166
2026-03-05 20:46:02+07:00,3499,318.1,-318.1,39.598672566371704,-39.598672566371704
2026-03-05 20:56:02+07:00,3501,317.4,-317.4,38.89867256637166,-38.89867256637166
2026-03-05 21:06:02+07:00,3505,315.2,-315.2,36.69867256637167,-36.69867256637167
2026-03-05 21:16:02+07:00,3507,314.0,-314.0,35.49867256637168,-35.49867256637168
2026-03-05 21:26:02+07:00,3509,312.5,-312.5,33.99867256637168,-33.99867256637168
2026-03-05 21:36:02+07:00,3511,310.5,-310.5,31.99867256637168,-31.99867256637168
2026-03-05 21:46:02+07:00,3513,308.7,-308.7,30.19867256637167,-30.19867256637167
2026-03-05 21:56:02+07:00,3518,301.6,-301.6,23.098672566371704,-23.098672566371704
2026-03-05 22:06:02+07:00,3520,299.1,-299.1,20.598672566371704,-20.598672566371704
2026-03-05 22:16:02+07:00,3522,296.5,-296.5,17.99867256637168,-17.99867256637168
2026-03-05 22:26:02+07:00,3524,293.5,-293.5,14.998672566371681,-14.998672566371681
2026-03-05 22:36:02+07:00,3526,290.3,-290.3,11.798672566371692,-11.798672566371692
2026-03-05 22:46:02+07:00,3528,286.9,-286.9,8.398672566371658,-8.398672566371658
2026-03-05 22:56:02+07:00,3532,280.5,-280.5,1.9986725663716811,-1.9986725663716811
2026-03-05 23:06:02+07:00,3534,277.5,-277.5,-1.0013274336283189,1.0013274336283189
2026-03-05 23:16:02+07:00,3536,274.4,-274.4,-4.101327433628342,4.101327433628342
2026-03-05 23:26:02+07:00,3538,271.2,-271.2,-7.30132743362833,7.30132743362833
2026-03-05 23:36:02+07:00,3540,268.0,-268.0,-10.501327433628319,10.501327433628319
2026-03-05 23:46:02+07:00,3542,264.8,-264.8,-13.701327433628308,13.701327433628308
2026-03-05 23:56:02+07:00,3546,259.4,-259.4,-19.10132743362834,19.10132743362834
2026-03-06 00:06:02+07:00,3548,257.1,-257.1,-21.401327433628296,21.401327433628296
2026-03-06 00:16:02+07:00,3550,255.2,-255.2,-23.30132743362833,23.30132743362833
2026-03-06 00:26:02+07:00,3552,253.5,-253.5,-25.00132743362832,25.00132743362832
2026-03-06 00:36:02+07:00,3554,252.3,-252.3,-26.201327433628308,26.201327433628308
2026-03-06 00:46:02+07:00,3556,251.3,-251.3,-27.201327433628308,27.201327433628308
2026-03-06 00:56:02+07:00,3560,250.5,-250.5,-28.00132743362832,28.00132743362832
2026-03-06 01:06:02+07:00,3562,250.5,-250.5,-28.00132743362832,28.00132743362832
2026-03-06 01:16:02+07:00,3564,251.1,-251.1,-27.401327433628325,27.401327433628325
2026-03-06 01:26:02+07:00,3566,252.2,-252.2,-26.30132743362833,26.30132743362833
2026-03-06 01:36:02+07:00,3568,253.6,-253.6,-24.901327433628325,24.901327433628325
2026-03-06 01:46:02+07:00,3570,255.4,-255.4,-23.101327433628313,23.101327433628313
2026-03-06 01:56:02+07:00,3574,259.0,-259.0,-19.50132743362832,19.50132743362832
2026-03-06 02:06:02+07:00,3576,261.0,-261.0,-17.50132743362832,17.50132743362832
2026-03-06 02:16:02+07:00,3578,263.2,-263.2,-15.30132743362833,15.30132743362833
2026-03-06 02:26:02+07:00,3580,265.6,-265.6,-12.901327433628296,12.901327433628296
2026-03-06 02:36:02+07:00,3582,268.3,-268.3,-10.201327433628308,10.201327433628308
2026-03-06 02:46:02+07:00,3584,271.2,-271.2,-7.30132743362833,7.30132743362833
2026-03-06 02:56:02+07:00,3588,277.1,-277.1,-1.4013274336282961,1.4013274336282961
2026-03-06 03:06:02+07:00,3590,280.2,-280.2,1.6986725663716697,-1.6986725663716697
2026-03-06 03:16:02+07:00,3592,283.4,-283.4,4.898672566371658,-4.898672566371658
2026-03-06 03:26:02+07:00,3594,286.8,-286.8,8.298672566371692,-8.298672566371692
2026-03-06 03:36:02+07:00,3596,290.0,-290.0,11.498672566371681,-11.498672566371681
2026-03-06 03:46:02+07:00,3598,294.0,-294.0,15.498672566371681,-15.498672566371681
2026-03-06 03:56:02+07:00,3602,301.3,-301.3,22.798672566371692,-22.798672566371692
2026-03-06 04:06:02+07:00,3604,305.0,-305.0,26.49867256637168,-26.49867256637168
2026-03-06 04:16:02+07:00,3606,308.7,-308.7,30.19867256637167,-30.19867256637167
2026-03-06 04:26:02+07:00,3608,312.3,-312.3,33.79867256637169,-33.79867256637169
2026-03-06 04:36:02+07:00,3610,315.9,-315.9,37.39867256637166,-37.39867256637166
2026-03-06 04:46:02+07:00,3612,319.3,-319.3,40.79867256637169,-40.79867256637169
2026-03-06 04:56:02+07:00,3616,325.4,-325.4,46.89867256637166,-46.89867256637166
2026-03-06 05:06:02+07:00,3618,328.1,-328.1,49.598672566371704,-49.598672566371704
2026-03-06 05:16:02+07:00,3620,330.7,-330.7,52.19867256637167,-52.19867256637167
2026-03-06 05:26:02+07:00,3622,332.6,-332.6,54.098672566371704,-54.098672566371704
2026-03-06 05:36:02+07:00,3624,335.0,-335.0,56.49867256637168,-56.49867256637168
2026-03-06 05:46:02+07:00,3626,337.3,-337.3,58.79867256637169,-58.79867256637169
2026-03-06 05:56:02+07:00,3630,340.9,-340.9,62.39867256637166,-62.39867256637166
2026-03-06 06:06:02+07:00,3632,342.3,-342.3,63.79867256637169,-63.79867256637169
2026-03-06 06:16:02+07:00,3634,343.4,-343.4,64.89867256637166,-64.89867256637166
2026-03-06 06:26:02+07:00,3636,344.5,-344.5,65.99867256637168,-65.99867256637168
2026-03-06 06:36:02+07:00,3638,345.3,-345.3,66.79867256637169,-66.79867256637169
2026-03-06 06:46:02+07:00,3640,346.0,-346.0,67.49867256637168,-67.49867256637168
2026-03-06 06:56:02+07:00,3644,346.7,-346.7,68.19867256637167,-68.19867256637167
2026-03-06 07:06:02+07:00,3646,346.9,-346.9,68.39867256637166,-68.39867256637166
2026-03-06 07:16:02+07:00,3648,346.9,-346.9,68.39867256637166,-68.39867256637166
2026-03-06 07:26:02+07:00,3650,346.8,-346.8,68.29867256637169,-68.29867256637169
2026-03-06 07:36:02+07:00,3652,346.3,-346.3,67.79867256637169,-67.79867256637169
2026-03-06 07:46:02+07:00,3654,345.7,-345.7,67.19867256637167,-67.19867256637167
2026-03-06 07:56:02+07:00,3658,343.4,-343.4,64.89867256637166,-64.89867256637166
2026-03-06 08:06:02+07:00,3660,342.2,-342.2,63.69867256637167,-63.69867256637167
2026-03-06 08:16:02+07:00,3662,340.7,-340.7,62.19867256637167,-62.19867256637167
2026-03-06 08:26:02+07:00,3664,338.4,-338.4,59.89867256637166,-59.89867256637166
2026-03-06 08:36:02+07:00,3666,335.7,-335.7,57.19867256637167,-57.19867256637167
2026-03-06 08:46:02+07:00,3668,332.5,-332.5,53.99867256637168,-53.99867256637168
2026-03-06 08:56:02+07:00,3672,325.9,-325.9,47.39867256637166,-47.39867256637166
2026-03-06 09:06:02+07:00,3674,322.7,-322.7,44.19867256637167,-44.19867256637167
2026-03-06 09:16:02+07:00,3676,319.3,-319.3,40.79867256637169,-40.79867256637169
2026-03-06 09:26:02+07:00,3678,315.5,-315.5,36.99867256637168,-36.99867256637168
2026-03-06 09:36:02+07:00,3680,311.9,-311.9,33.39867256637166,-33.39867256637166
2026-03-06 09:46:02+07:00,3682,308.3,-308.3,29.798672566371692,-29.798672566371692
2026-03-06 09:56:02+07:00,3686,300.5,-300.5,21.99867256637168,-21.99867256637168
2026-03-06 10:06:02+07:00,3688,296.6,-296.6,18.098672566371704,-18.098672566371704
2026-03-06 10:16:02+07:00,3690,292.7,-292.7,14.19867256637167,-14.19867256637167
2026-03-06 10:26:02+07:00,3692,288.1,-288.1,9.598672566371704,-9.598672566371704
2026-03-06 10:36:02+07:00,3694,283.6,-283.6,5.098672566371704,-5.098672566371704
2026-03-06 10:46:02+07:00,3696,278.5,-278.5,-0.001327433628318886,0.001327433628318886
2026-03-06 10:56:02+07:00,3700,268.7,-268.7,-9.80132743362833,9.80132743362833
2026-03-06 11:06:02+07:00,3702,263.9,-263.9,-14.601327433628342,14.601327433628342
2026-03-06 11:16:02+07:00,3704,258.9,-258.9,-19.60132743362834,19.60132743362834
2026-03-06 11:26:02+07:00,3706,253.8,-253.8,-24.701327433628308,24.701327433628308
2026-03-06 11:36:02+07:00,3708,248.3,-248.3,-30.201327433628308,30.201327433628308
2026-03-06 11:46:02+07:00,3710,243.2,-243.2,-35.30132743362833,35.30132743362833
2026-03-06 11:56:02+07:00,3714,233.5,-233.5,-45.00132743362832,45.00132743362832
2026-03-06 12:06:02+07:00,3716,228.9,-228.9,-49.60132743362831,49.60132743362831
2026-03-06 12:16:02+07:00,3718,224.5,-224.5,-54.00132743362832,54.00132743362832
2026-03-06 12:26:02+07:00,3720,220.8,-220.8,-57.70132743362831,57.70132743362831
2026-03-06 12:36:02+07:00,3722,217.3,-217.3,-61.20132743362831,61.20132743362831
2026-03-06 12:46:02+07:00,3724,214.4,-214.4,-64.10132743362831,64.10132743362831
2026-03-06 12:56:02+07:00,3728,209.3,-209.3,-69.20132743362831,69.20132743362831
2026-03-06 13:06:02+07:00,3730,208.1,-208.1,-70.40132743362832,70.40132743362832
2026-03-06 13:16:02+07:00,3732,207.1,-207.1,-71.40132743362832,71.40132743362832
2026-03-06 13:26:02+07:00,3734,206.5,-206.5,-72.00132743362832,72.00132743362832
2026-03-06 13:36:02+07:00,3736,206.6,-206.6,-71.90132743362832,71.90132743362832
2026-03-06 13:46:02+07:00,3738,207.2,-207.2,-71.30132743362833,71.30132743362833
2026-03-06 13:56:02+07:00,3742,209.3,-209.3,-69.20132743362831,69.20132743362831
2026-03-06 14:06:02+07:00,3744,210.9,-210.9,-67.60132743362831,67.60132743362831
2026-03-06 14:16:02+07:00,3746,213.2,-213.2,-65.30132743362833,65.30132743362833
2026-03-06 14:26:02+07:00,3748,215.5,-215.5,-63.00132743362832,63.00132743362832
2026-03-06 14:36:02+07:00,3750,218.6,-218.6,-59.901327433628325,59.901327433628325
2026-03-06 14:46:02+07:00,3752,221.9,-221.9,-56.60132743362831,56.60132743362831
2026-03-06 14:56:02+07:00,3756,227.8,-227.8,-50.70132743362831,50.70132743362831
2026-03-06 15:06:02+07:00,3758,230.8,-230.8,-47.70132743362831,47.70132743362831
2026-03-06 15:16:02+07:00,3760,233.8,-233.8,-44.70132743362831,44.70132743362831
2026-03-06 15:26:02+07:00,3761,237.5,-237.5,-41.00132743362832,41.00132743362832
2026-03-06 15:36:02+07:00,3763,240.9,-240.9,-37.60132743362831,37.60132743362831
2026-03-06 15:46:02+07:00,3765,244.5,-244.5,-34.00132743362832,34.00132743362832
2026-03-06 15:56:02+07:00,3769,251.9,-251.9,-26.601327433628313,26.601327433628313
2026-03-06 16:06:02+07:00,3771,255.7,-255.7,-22.80132743362833,22.80132743362833
2026-03-06 16:16:02+07:00,3773,259.7,-259.7,-18.80132743362833,18.80132743362833
2026-03-06 16:26:02+07:00,3775,263.9,-263.9,-14.601327433628342,14.601327433628342
2026-03-06 16:36:02+07:00,3777,268.7,-268.7,-9.80132743362833,9.80132743362833
2026-03-06 16:46:02+07:00,3779,273.0,-273.0,-5.501327433628319,5.501327433628319
2026-03-06 16:56:02+07:00,3783,280.6,-280.6,2.098672566371704,-2.098672566371704
2026-03-06 17:06:02+07:00,3785,283.6,-283.6,5.098672566371704,-5.098672566371704
2026-03-06 17:16:02+07:00,3787,287.3,-287.3,8.798672566371692,-8.798672566371692
2026-03-06 17:26:02+07:00,3789,290.7,-290.7,12.19867256637167,-12.19867256637167
2026-03-06 17:36:02+07:00,3791,294.2,-294.2,15.69867256637167,-15.69867256637167
2026-03-06 17:46:02+07:00,3793,298.0,-298.0,19.49867256637168,-19.49867256637168
2026-03-06 17:56:02+07:00,3797,304.0,-304.0,25.49867256637168,-25.49867256637168
2026-03-06 18:06:02+07:00,3799,306.6,-306.6,28.098672566371704,-28.098672566371704
2026-03-06 18:16:02+07:00,3801,309.8,-309.8,31.298672566371692,-31.298672566371692
2026-03-06 18:26:02+07:00,3803,312.1,-312.1,33.598672566371704,-33.598672566371704
2026-03-06 18:36:02+07:00,3805,314.7,-314.7,36.19867256637167,-36.19867256637167
2026-03-06 18:46:02+07:00,3807,316.8,-316.8,38.29867256637169,-38.29867256637169
2026-03-06 18:56:02+07:00,3811,319.5,-319.5,40.99867256637168,-40.99867256637168
2026-03-06 19:06:02+07:00,3813,321.2,-321.2,42.69867256637167,-42.69867256637167
2026-03-06 19:16:02+07:00,3815,322.3,-322.3,43.79867256637169,-43.79867256637169
2026-03-06 19:26:02+07:00,3817,323.6,-323.6,45.098672566371704,-45.098672566371704
2026-03-06 19:36:02+07:00,3819,324.0,-324.0,45.49867256637168,-45.49867256637168
2026-03-06 19:46:02+07:00,3821,323.5,-323.5,44.99867256637168,-44.99867256637168
2026-03-06 19:56:02+07:00,3825,323.7,-323.7,45.19867256637167,-45.19867256637167
2026-03-06 20:06:02+07:00,3827,322.9,-322.9,44.39867256637166,-44.39867256637166
2026-03-06 20:16:02+07:00,3829,321.6,-321.6,43.098672566371704,-43.098672566371704
2026-03-06 20:26:02+07:00,3831,319.5,-319.5,40.99867256637168,-40.99867256637168
2026-03-06 20:36:02+07:00,3833,316.6,-316.6,38.098672566371704,-38.098672566371704
2026-03-06 20:46:02+07:00,3835,314.1,-314.1,35.598672566371704,-35.598672566371704
2026-03-06 20:56:02+07:00,3839,310.7,-310.7,32.19867256637167,-32.19867256637167
2026-03-06 21:06:02+07:00,3841,307.6,-307.6,29.098672566371704,-29.098672566371704
2026-03-06 21:16:02+07:00,3843,304.5,-304.5,25.99867256637168,-25.99867256637168
2026-03-06 21:26:02+07:00,3845,300.7,-300.7,22.19867256637167,-22.19867256637167
2026-03-06 21:36:02+07:00,3847,297.5,-297.5,18.99867256637168,-18.99867256637168
2026-03-06 21:46:02+07:00,3849,294.0,-294.0,15.498672566371681,-15.498672566371681
2026-03-06 21:56:02+07:00,3853,289.0,-289.0,10.498672566371681,-10.498672566371681
2026-03-06 22:06:02+07:00,3855,285.9,-285.9,7.398672566371658,-7.398672566371658
2026-03-06 22:16:02+07:00,3857,36.6,-36.6,-241.90132743362832,241.90132743362832
2026-03-06 22:26:02+07:00,3859,70.6,-70.6,-207.90132743362832,207.90132743362832
2026-03-06 22:36:02+07:00,3861,96.9,-96.9,-181.6013274336283,181.6013274336283
2026-03-06 22:46:02+07:00,3863,117.5,-117.5,-161.00132743362832,161.00132743362832
2026-03-06 22:56:02+07:00,3866,134.8,-134.8,-143.7013274336283,143.7013274336283
2026-03-06 23:06:02+07:00,3870,167.0,-167.0,-111.50132743362832,111.50132743362832
2026-03-06 23:16:02+07:00,3872,176.2,-176.2,-102.30132743362833,102.30132743362833
2026-03-06 23:26:02+07:00,3874,183.3,-183.3,-95.20132743362831,95.20132743362831
2026-03-06 23:36:02+07:00,3876,186.0,-186.0,-92.50132743362832,92.50132743362832
2026-03-06 23:46:02+07:00,3879,187.7,-187.7,-90.80132743362833,90.80132743362833
2026-03-06 23:56:02+07:00,3883,195.0,-195.0,-83.50132743362832,83.50132743362832
2026-03-07 00:06:02+07:00,3885,197.1,-197.1,-81.40132743362832,81.40132743362832
2026-03-07 00:16:02+07:00,3887,196.3,-196.3,-82.20132743362831,82.20132743362831
2026-03-07 00:26:02+07:00,3889,195.5,-195.5,-83.00132743362832,83.00132743362832
2026-03-07 00:36:02+07:00,3892,197.1,-197.1,-81.40132743362832,81.40132743362832
2026-03-07 00:46:02+07:00,3896,196.8,-196.8,-81.70132743362831,81.70132743362831
2026-03-07 00:56:02+07:00,3898,196.9,-196.9,-81.60132743362831,81.60132743362831
2026-03-07 01:06:02+07:00,3900,196.9,-196.9,-81.60132743362831,81.60132743362831
2026-03-07 01:16:02+07:00,3902,198.1,-198.1,-80.40132743362832,80.40132743362832
2026-03-07 01:26:02+07:00,3905,197.9,-197.9,-80.60132743362831,80.60132743362831
2026-03-07 01:36:02+07:00,3909,200.2,-200.2,-78.30132743362833,78.30132743362833
2026-03-07 01:46:02+07:00,3911,201.8,-201.8,-76.70132743362831,76.70132743362831
2026-03-07 01:56:02+07:00,3913,203.5,-203.5,-75.00132743362832,75.00132743362832
2026-03-07 02:06:02+07:00,3915,204.1,-204.1,-74.40132743362832,74.40132743362832
2026-03-07 02:16:02+07:00,3918,206.8,-206.8,-71.70132743362831,71.70132743362831
2026-03-07 02:26:02+07:00,3922,214.8,-214.8,-63.70132743362831,63.70132743362831
2026-03-07 02:36:02+07:00,3925,218.7,-218.7,-59.80132743362833,59.80132743362833
2026-03-07 02:46:02+07:00,3927,222.1,-222.1,-56.401327433628325,56.401327433628325
2026-03-07 02:56:02+07:00,3930,225.0,-225.0,-53.50132743362832,53.50132743362832
2026-03-07 03:06:02+07:00,3934,233.0,-233.0,-45.50132743362832,45.50132743362832
2026-03-07 03:16:02+07:00,3936,235.5,-235.5,-43.00132743362832,43.00132743362832
2026-03-07 03:26:02+07:00,3938,238.5,-238.5,-40.00132743362832,40.00132743362832
2026-03-07 03:36:02+07:00,3940,241.9,-241.9,-36.60132743362831,36.60132743362831
2026-03-07 03:46:02+07:00,3943,245.2,-245.2,-33.30132743362833,33.30132743362833
2026-03-07 03:56:02+07:00,3947,253.8,-253.8,-24.701327433628308,24.701327433628308
2026-03-07 04:06:02+07:00,3949,256.5,-256.5,-22.00132743362832,22.00132743362832
2026-03-07 04:16:02+07:00,3951,259.8,-259.8,-18.701327433628308,18.701327433628308
2026-03-07 04:26:02+07:00,3953,262.5,-262.5,-16.00132743362832,16.00132743362832
2026-03-07 04:36:02+07:00,3956,265.2,-265.2,-13.30132743362833,13.30132743362833
2026-03-07 04:46:02+07:00,3960,272.6,-272.6,-5.901327433628296,5.901327433628296
2026-03-07 04:56:02+07:00,3962,275.1,-275.1,-3.401327433628296,3.401327433628296
2026-03-07 05:06:02+07:00,3964,277.1,-277.1,-1.4013274336282961,1.4013274336282961
2026-03-07 05:16:02+07:00,3966,279.2,-279.2,0.6986725663716697,-0.6986725663716697
2026-03-07 05:26:02+07:00,3969,281.0,-281.0,2.498672566371681,-2.498672566371681
2026-03-07 05:36:02+07:00,3973,285.8,-285.8,7.2986725663716925,-7.2986725663716925
2026-03-07 05:46:02+07:00,3975,287.0,-287.0,8.498672566371681,-8.498672566371681
2026-03-07 05:56:02+07:00,3977,288.1,-288.1,9.598672566371704,-9.598672566371704
2026-03-07 06:06:02+07:00,3979,288.5,-288.5,9.998672566371681,-9.998672566371681
2026-03-07 06:16:02+07:00,3982,288.6,-288.6,10.098672566371704,-10.098672566371704
2026-03-07 06:26:02+07:00,3986,288.3,-288.3,9.798672566371692,-9.798672566371692
2026-03-07 06:36:02+07:00,3988,287.3,-287.3,8.798672566371692,-8.798672566371692
2026-03-07 06:46:02+07:00,3990,285.7,-285.7,7.19867256637167,-7.19867256637167
2026-03-07 06:56:02+07:00,3992,284.2,-284.2,5.69867256637167,-5.69867256637167
2026-03-07 07:06:02+07:00,3995,282.4,-282.4,3.8986725663716584,-3.8986725663716584
2026-03-07 07:16:02+07:00,3999,276.1,-276.1,-2.401327433628296,2.401327433628296
2026-03-07 07:26:02+07:00,4001,274.4,-274.4,-4.101327433628342,4.101327433628342
2026-03-07 07:36:02+07:00,4003,272.7,-272.7,-5.80132743362833,5.80132743362833
2026-03-07 07:46:02+07:00,4005,270.4,-270.4,-8.101327433628342,8.101327433628342
2026-03-07 07:56:02+07:00,4008,268.4,-268.4,-10.101327433628342,10.101327433628342
2026-03-07 08:06:02+07:00,4012,263.0,-263.0,-15.501327433628319,15.501327433628319
2026-03-07 08:16:02+07:00,4014,261.3,-261.3,-17.201327433628308,17.201327433628308
