entry_id,datetime,field2,field2_neg,field2_deviasi,field2_neg_deviasi
2503,2026-03-01 01:46:02+07:00,364.3,-364.3,97.26771397616471,-97.26771397616471
2505,2026-03-01 01:56:02+07:00,359.2,-359.2,92.16771397616469,-92.16771397616469
2507,2026-03-01 02:06:02+07:00,353.9,-353.9,86.86771397616468,-86.86771397616468
2509,2026-03-01 02:16:02+07:00,348.1,-348.1,81.06771397616473,-81.06771397616473
2512,2026-03-01 02:26:02+07:00,337.0,-337.0,69.9677139761647,-69.9677139761647
2515,2026-03-01 02:36:02+07:00,331.4,-331.4,64.36771397616468,-64.36771397616468
2517,2026-03-01 02:46:02+07:00,325.2,-325.2,58.16771397616469,-58.16771397616469
2519,2026-03-01 02:56:02+07:00,318.7,-318.7,51.66771397616469,-51.66771397616469
2521,2026-03-01 03:06:02+07:00,311.8,-311.8,44.767713976164714,-44.767713976164714
2523,2026-03-01 03:16:02+07:00,304.4,-304.4,37.36771397616468,-37.36771397616468
2526,2026-03-01 03:26:02+07:00,291.0,-291.0,23.967713976164703,-23.967713976164703
2529,2026-03-01 03:36:02+07:00,284.2,-284.2,17.16771397616469,-17.16771397616469
2531,2026-03-01 03:46:02+07:00,277.4,-277.4,10.36771397616468,-10.36771397616468
2533,2026-03-01 03:56:02+07:00,270.6,-270.6,3.5677139761647254,-3.5677139761647254
2535,2026-03-01 04:06:02+07:00,262.7,-262.7,-4.332286023835309,4.332286023835309
2537,2026-03-01 04:16:02+07:00,255.3,-255.3,-11.732286023835286,11.732286023835286
2540,2026-03-01 04:26:02+07:00,240.9,-240.9,-26.13228602383529,26.13228602383529
2543,2026-03-01 04:36:02+07:00,234.3,-234.3,-32.732286023835286,32.732286023835286
2545,2026-03-01 04:46:02+07:00,227.3,-227.3,-39.732286023835286,39.732286023835286
2547,2026-03-01 04:56:02+07:00,220.3,-220.3,-46.732286023835286,46.732286023835286
2549,2026-03-01 05:06:02+07:00,213.0,-213.0,-54.0322860238353,54.0322860238353
2551,2026-03-01 05:16:02+07:00,205.6,-205.6,-61.4322860238353,61.4322860238353
2554,2026-03-01 05:26:02+07:00,192.0,-192.0,-75.0322860238353,75.0322860238353
2557,2026-03-01 05:36:02+07:00,185.5,-185.5,-81.5322860238353,81.5322860238353
2559,2026-03-01 05:46:02+07:00,179.0,-179.0,-88.0322860238353,88.0322860238353
2561,2026-03-01 05:56:02+07:00,172.4,-172.4,-94.63228602383529,94.63228602383529
2563,2026-03-01 06:06:02+07:00,166.6,-166.6,-100.4322860238353,100.4322860238353
2565,2026-03-01 06:16:02+07:00,160.5,-160.5,-106.5322860238353,106.5322860238353
2568,2026-03-01 06:26:02+07:00,150.1,-150.1,-116.9322860238353,116.9322860238353
2571,2026-03-01 06:36:02+07:00,145.4,-145.4,-121.63228602383529,121.63228602383529
2573,2026-03-01 06:46:02+07:00,141.1,-141.1,-125.9322860238353,125.9322860238353
2575,2026-03-01 06:56:02+07:00,136.9,-136.9,-130.1322860238353,130.1322860238353
2577,2026-03-01 07:06:02+07:00,133.7,-133.7,-133.3322860238353,133.3322860238353
2579,2026-03-01 07:16:02+07:00,130.4,-130.4,-136.6322860238353,136.6322860238353
2582,2026-03-01 07:26:02+07:00,125.0,-125.0,-142.0322860238353,142.0322860238353
2585,2026-03-01 07:36:02+07:00,122.9,-122.9,-144.1322860238353,144.1322860238353
2587,2026-03-01 07:46:02+07:00,121.1,-121.1,-145.9322860238353,145.9322860238353
2589,2026-03-01 07:56:02+07:00,119.5,-119.5,-147.5322860238353,147.5322860238353
2591,2026-03-01 08:06:02+07:00,118.8,-118.8,-148.2322860238353,148.2322860238353
2593,2026-03-01 08:16:02+07:00,118.0,-118.0,-149.0322860238353,149.0322860238353
2596,2026-03-01 08:26:02+07:00,118.3,-118.3,-148.7322860238353,148.7322860238353
2599,2026-03-01 08:36:02+07:00,118.7,-118.7,-148.3322860238353,148.3322860238353
2601,2026-03-01 08:46:02+07:00,119.8,-119.8,-147.2322860238353,147.2322860238353
2603,2026-03-01 08:56:02+07:00,121.2,-121.2,-145.8322860238353,145.8322860238353
2605,2026-03-01 09:06:02+07:00,123.0,-123.0,-144.0322860238353,144.0322860238353
2607,2026-03-01 09:16:02+07:00,125.6,-125.6,-141.4322860238353,141.4322860238353
2610,2026-03-01 09:26:02+07:00,130.5,-130.5,-136.5322860238353,136.5322860238353
2613,2026-03-01 09:36:02+07:00,133.2,-133.2,-133.8322860238353,133.8322860238353
2615,2026-03-01 09:46:02+07:00,137.2,-137.2,-129.8322860238353,129.8322860238353
2617,2026-03-01 09:56:02+07:00,140.7,-140.7,-126.33228602383531,126.33228602383531
2619,2026-03-01 10:06:02+07:00,145.3,-145.3,-121.73228602383529,121.73228602383529
2621,2026-03-01 10:16:02+07:00,150.2,-150.2,-116.83228602383531,116.83228602383531
2624,2026-03-01 10:26:02+07:00,159.6,-159.6,-107.4322860238353,107.4322860238353
2625,2026-03-01 10:36:02+07:00,164.2,-164.2,-102.83228602383531,102.83228602383531
2627,2026-03-01 10:46:02+07:00,168.9,-168.9,-98.13228602383529,98.13228602383529
2629,2026-03-01 10:56:02+07:00,174.3,-174.3,-92.73228602383529,92.73228602383529
2631,2026-03-01 11:06:02+07:00,179.5,-179.5,-87.5322860238353,87.5322860238353
2633,2026-03-01 11:16:02+07:00,185.3,-185.3,-81.73228602383529,81.73228602383529
2636,2026-03-01 11:26:02+07:00,195.5,-195.5,-71.5322860238353,71.5322860238353
2639,2026-03-01 11:36:02+07:00,200.4,-200.4,-66.63228602383529,66.63228602383529
2641,2026-03-01 11:46:02+07:00,205.7,-205.7,-61.33228602383531,61.33228602383531
2643,2026-03-01 11:56:02+07:00,211.1,-211.1,-55.9322860238353,55.9322860238353
2645,2026-03-01 12:06:02+07:00,216.2,-216.2,-50.83228602383531,50.83228602383531
2647,2026-03-01 12:16:02+07:00,221.2,-221.2,-45.83228602383531,45.83228602383531
2650,2026-03-01 12:26:02+07:00,230.6,-230.6,-36.4322860238353,36.4322860238353
2653,2026-03-01 12:36:02+07:00,234.9,-234.9,-32.13228602383529,32.13228602383529
2655,2026-03-01 12:46:02+07:00,239.5,-239.5,-27.532286023835297,27.532286023835297
2657,2026-03-01 12:56:02+07:00,243.7,-243.7,-23.33228602383531,23.33228602383531
2659,2026-03-01 13:06:02+07:00,248.1,-248.1,-18.932286023835303,18.932286023835303
2661,2026-03-01 13:16:02+07:00,252.3,-252.3,-14.732286023835286,14.732286023835286
2664,2026-03-01 13:26:02+07:00,260.3,-260.3,-6.732286023835286,6.732286023835286
2667,2026-03-01 13:36:02+07:00,263.8,-263.8,-3.232286023835286,3.232286023835286
2669,2026-03-01 13:46:02+07:00,267.5,-267.5,0.46771397616470267,-0.46771397616470267
2671,2026-03-01 13:56:02+07:00,271.0,-271.0,3.9677139761647027,-3.9677139761647027
2673,2026-03-01 14:06:02+07:00,274.8,-274.8,7.767713976164714,-7.767713976164714
2675,2026-03-01 14:16:02+07:00,278.5,-278.5,11.467713976164703,-11.467713976164703
2678,2026-03-01 14:26:02+07:00,285.6,-285.6,18.567713976164725,-18.567713976164725
2681,2026-03-01 14:36:02+07:00,289.2,-289.2,22.16771397616469,-22.16771397616469
2683,2026-03-01 14:46:02+07:00,292.5,-292.5,25.467713976164703,-25.467713976164703
2686,2026-03-01 14:56:02+07:00,300.1,-300.1,33.067713976164725,-33.067713976164725
2688,2026-03-01 15:06:02+07:00,302.9,-302.9,35.86771397616468,-35.86771397616468
2691,2026-03-01 15:16:02+07:00,310.3,-310.3,43.267713976164714,-43.267713976164714
2694,2026-03-01 15:26:02+07:00,313.8,-313.8,46.767713976164714,-46.767713976164714
2697,2026-03-01 15:36:02+07:00,319.3,-319.3,52.267713976164714,-52.267713976164714
2699,2026-03-01 15:46:02+07:00,322.4,-322.4,55.36771397616468,-55.36771397616468
2703,2026-03-01 15:56:02+07:00,329.8,-329.8,62.767713976164714,-62.767713976164714
2706,2026-03-01 16:06:02+07:00,332.0,-332.0,64.9677139761647,-64.9677139761647
2709,2026-03-01 16:16:02+07:00,335.8,-335.8,68.76771397616471,-68.76771397616471
2711,2026-03-01 16:26:02+07:00,337.4,-337.4,70.36771397616468,-70.36771397616468
2713,2026-03-01 16:36:02+07:00,338.8,-338.8,71.76771397616471,-71.76771397616471
2716,2026-03-01 16:46:02+07:00,339.7,-339.7,72.66771397616469,-72.66771397616469
2719,2026-03-01 16:56:02+07:00,340.0,-340.0,72.9677139761647,-72.9677139761647
2722,2026-03-01 17:06:02+07:00,339.6,-339.6,72.56771397616473,-72.56771397616473
2724,2026-03-01 17:16:02+07:00,339.6,-339.6,72.56771397616473,-72.56771397616473
2728,2026-03-01 17:26:02+07:00,339.7,-339.7,72.66771397616469,-72.66771397616469
2731,2026-03-01 17:36:02+07:00,340.0,-340.0,72.9677139761647,-72.9677139761647
2734,2026-03-01 17:46:02+07:00,341.5,-341.5,74.4677139761647,-74.4677139761647
2736,2026-03-01 17:56:02+07:00,342.8,-342.8,75.76771397616471,-75.76771397616471
2738,2026-03-01 18:06:02+07:00,344.3,-344.3,77.26771397616471,-77.26771397616471
2741,2026-03-01 18:16:02+07:00,347.9,-347.9,80.86771397616468,-80.86771397616468
2744,2026-03-01 18:26:02+07:00,350.0,-350.0,82.9677139761647,-82.9677139761647
2746,2026-03-01 18:36:02+07:00,352.4,-352.4,85.36771397616468,-85.36771397616468
2748,2026-03-01 18:46:02+07:00,355.6,-355.6,88.56771397616473,-88.56771397616473
2750,2026-03-01 18:56:02+07:00,358.7,-358.7,91.66771397616469,-91.66771397616469
2752,2026-03-01 19:06:02+07:00,362.0,-362.0,94.9677139761647,-94.9677139761647
2755,2026-03-01 19:16:02+07:00,368.2,-368.2,101.16771397616469,-101.16771397616469
2758,2026-03-01 19:26:02+07:00,371.3,-371.3,104.26771397616471,-104.26771397616471
2760,2026-03-01 19:36:02+07:00,374.3,-374.3,107.26771397616471,-107.26771397616471
2762,2026-03-01 19:46:02+07:00,374.3,-374.3,107.26771397616471,-107.26771397616471
2764,2026-03-01 19:56:02+07:00,374.3,-374.3,107.26771397616471,-107.26771397616471
2766,2026-03-01 20:06:02+07:00,374.3,-374.3,107.26771397616471,-107.26771397616471
2769,2026-03-01 20:16:02+07:00,374.3,-374.3,107.26771397616471,-107.26771397616471
2772,2026-03-01 20:26:02+07:00,374.3,-374.3,107.26771397616471,-107.26771397616471
2774,2026-03-01 20:36:02+07:00,374.3,-374.3,107.26771397616471,-107.26771397616471
2776,2026-03-01 20:46:02+07:00,374.3,-374.3,107.26771397616471,-107.26771397616471
2778,2026-03-01 20:56:02+07:00,374.3,-374.3,107.26771397616471,-107.26771397616471
2780,2026-03-01 21:06:02+07:00,374.3,-374.3,107.26771397616471,-107.26771397616471
2783,2026-03-01 21:16:02+07:00,374.3,-374.3,107.26771397616471,-107.26771397616471
2786,2026-03-01 21:26:02+07:00,374.3,-374.3,107.26771397616471,-107.26771397616471
2788,2026-03-01 21:36:02+07:00,374.3,-374.3,107.26771397616471,-107.26771397616471
2790,2026-03-01 21:46:02+07:00,374.3,-374.3,107.26771397616471,-107.26771397616471
2792,2026-03-01 21:56:02+07:00,374.3,-374.3,107.26771397616471,-107.26771397616471
2794,2026-03-01 22:06:02+07:00,374.3,-374.3,107.26771397616471,-107.26771397616471
2797,2026-03-01 22:16:02+07:00,374.3,-374.3,107.26771397616471,-107.26771397616471
2800,2026-03-01 22:26:02+07:00,374.3,-374.3,107.26771397616471,-107.26771397616471
2801,2026-03-01 22:36:02+07:00,374.3,-374.3,107.26771397616471,-107.26771397616471
2802,2026-03-01 22:46:02+07:00,374.3,-374.3,107.26771397616471,-107.26771397616471
2803,2026-03-01 22:56:02+07:00,374.3,-374.3,107.26771397616471,-107.26771397616471
2804,2026-03-01 23:06:02+07:00,374.3,-374.3,107.26771397616471,-107.26771397616471
2806,2026-03-01 23:16:02+07:00,374.3,-374.3,107.26771397616471,-107.26771397616471
2807,2026-03-01 23:26:02+07:00,374.3,-374.3,107.26771397616471,-107.26771397616471
2808,2026-03-01 23:36:02+07:00,374.3,-374.3,107.26771397616471,-107.26771397616471
2809,2026-03-01 23:46:02+07:00,374.3,-374.3,107.26771397616471,-107.26771397616471
2810,2026-03-01 23:56:02+07:00,375.2,-375.2,108.16771397616469,-108.16771397616469
2811,2026-03-02 00:06:02+07:00,377.4,-377.4,110.36771397616468,-110.36771397616468
2813,2026-03-02 00:16:02+07:00,380.4,-380.4,113.36771397616468,-113.36771397616468
2814,2026-03-02 00:26:02+07:00,380.7,-380.7,113.66771397616469,-113.66771397616469
2815,2026-03-02 00:36:02+07:00,379.8,-379.8,112.76771397616471,-112.76771397616471
2816,2026-03-02 00:46:02+07:00,378.4,-378.4,111.36771397616468,-111.36771397616468
2817,2026-03-02 00:56:02+07:00,375.9,-375.9,108.86771397616468,-108.86771397616468
2818,2026-03-02 01:06:02+07:00,372.9,-372.9,105.86771397616468,-105.86771397616468
2820,2026-03-02 01:16:02+07:00,366.5,-366.5,99.4677139761647,-99.4677139761647
2821,2026-03-02 01:26:02+07:00,362.7,-362.7,95.66771397616469,-95.66771397616469
2822,2026-03-02 01:36:02+07:00,358.3,-358.3,91.26771397616471,-91.26771397616471
2823,2026-03-02 01:46:02+07:00,353.9,-353.9,86.86771397616468,-86.86771397616468
2824,2026-03-02 01:56:02+07:00,348.4,-348.4,81.36771397616468,-81.36771397616468
2825,2026-03-02 02:06:02+07:00,342.5,-342.5,75.4677139761647,-75.4677139761647
2827,2026-03-02 02:16:02+07:00,330.8,-330.8,63.767713976164714,-63.767713976164714
2828,2026-03-02 02:26:02+07:00,325.0,-325.0,57.9677139761647,-57.9677139761647
2829,2026-03-02 02:36:02+07:00,318.8,-318.8,51.767713976164714,-51.767713976164714
2830,2026-03-02 02:46:02+07:00,312.6,-312.6,45.567713976164725,-45.567713976164725
2831,2026-03-02 02:56:02+07:00,306.1,-306.1,39.067713976164725,-39.067713976164725
2832,2026-03-02 03:06:02+07:00,299.5,-299.5,32.4677139761647,-32.4677139761647
2834,2026-03-02 03:16:02+07:00,286.8,-286.8,19.767713976164714,-19.767713976164714
2835,2026-03-02 03:26:02+07:00,280.0,-280.0,12.967713976164703,-12.967713976164703
2836,2026-03-02 03:36:02+07:00,272.1,-272.1,5.067713976164725,-5.067713976164725
2837,2026-03-02 03:46:02+07:00,263.9,-263.9,-3.13228602383532,3.13228602383532
2838,2026-03-02 03:56:02+07:00,255.5,-255.5,-11.532286023835297,11.532286023835297
2839,2026-03-02 04:06:02+07:00,246.8,-246.8,-20.232286023835286,20.232286023835286
2841,2026-03-02 04:16:02+07:00,231.2,-231.2,-35.83228602383531,35.83228602383531
2842,2026-03-02 04:26:02+07:00,224.0,-224.0,-43.0322860238353,43.0322860238353
2843,2026-03-02 04:36:02+07:00,216.9,-216.9,-50.13228602383529,50.13228602383529
2844,2026-03-02 04:46:02+07:00,209.8,-209.8,-57.232286023835286,57.232286023835286
2845,2026-03-02 04:56:02+07:00,23.7,-23.7,-243.3322860238353,243.3322860238353
2846,2026-03-02 05:06:02+07:00,42.7,-42.7,-224.3322860238353,224.3322860238353
2847,2026-03-02 05:16:02+07:00,58.3,-58.3,-208.7322860238353,208.7322860238353
2848,2026-03-02 05:26:02+07:00,70.6,-70.6,-196.4322860238353,196.4322860238353
2849,2026-03-02 05:36:02+07:00,80.9,-80.9,-186.1322860238353,186.1322860238353
2851,2026-03-02 05:46:02+07:00,102.2,-102.2,-164.8322860238353,164.8322860238353
2852,2026-03-02 05:56:02+07:00,106.6,-106.6,-160.4322860238353,160.4322860238353
2853,2026-03-02 06:06:02+07:00,111.0,-111.0,-156.0322860238353,156.0322860238353
2854,2026-03-02 06:16:02+07:00,114.3,-114.3,-152.7322860238353,152.7322860238353
2855,2026-03-02 06:26:02+07:00,116.9,-116.9,-150.1322860238353,150.1322860238353
2857,2026-03-02 06:36:02+07:00,122.8,-122.8,-144.2322860238353,144.2322860238353
2858,2026-03-02 06:46:02+07:00,123.8,-123.8,-143.2322860238353,143.2322860238353
2859,2026-03-02 06:56:02+07:00,124.8,-124.8,-142.2322860238353,142.2322860238353
2860,2026-03-02 07:06:02+07:00,127.1,-127.1,-139.9322860238353,139.9322860238353
2861,2026-03-02 07:16:02+07:00,129.2,-129.2,-137.8322860238353,137.8322860238353
2863,2026-03-02 07:26:02+07:00,135.0,-135.0,-132.0322860238353,132.0322860238353
2864,2026-03-02 07:36:02+07:00,137.7,-137.7,-129.3322860238353,129.3322860238353
2865,2026-03-02 07:46:02+07:00,139.7,-139.7,-127.33228602383531,127.33228602383531
2866,2026-03-02 07:56:02+07:00,142.4,-142.4,-124.63228602383529,124.63228602383529
2867,2026-03-02 08:06:02+07:00,145.3,-145.3,-121.73228602383529,121.73228602383529
2869,2026-03-02 08:16:02+07:00,154.3,-154.3,-112.73228602383529,112.73228602383529
2870,2026-03-02 08:26:02+07:00,157.6,-157.6,-109.4322860238353,109.4322860238353
2871,2026-03-02 08:36:02+07:00,161.8,-161.8,-105.23228602383529,105.23228602383529
2872,2026-03-02 08:46:02+07:00,166.5,-166.5,-100.5322860238353,100.5322860238353
2873,2026-03-02 08:56:02+07:00,171.4,-171.4,-95.63228602383529,95.63228602383529
2875,2026-03-02 09:06:02+07:00,185.4,-185.4,-81.63228602383529,81.63228602383529
2876,2026-03-02 09:16:02+07:00,190.5,-190.5,-76.5322860238353,76.5322860238353
2877,2026-03-02 09:26:02+07:00,195.8,-195.8,-71.23228602383529,71.23228602383529
2878,2026-03-02 09:36:02+07:00,201.2,-201.2,-65.83228602383531,65.83228602383531
2879,2026-03-02 09:46:02+07:00,206.4,-206.4,-60.63228602383529,60.63228602383529
2881,2026-03-02 09:56:02+07:00,219.5,-219.5,-47.5322860238353,47.5322860238353
2882,2026-03-02 10:06:02+07:00,223.7,-223.7,-43.33228602383531,43.33228602383531
2883,2026-03-02 10:16:02+07:00,228.1,-228.1,-38.9322860238353,38.9322860238353
2884,2026-03-02 10:26:02+07:00,232.3,-232.3,-34.732286023835286,34.732286023835286
2885,2026-03-02 10:36:02+07:00,236.8,-236.8,-30.232286023835286,30.232286023835286
2887,2026-03-02 10:46:02+07:00,248.6,-248.6,-18.432286023835303,18.432286023835303
2888,2026-03-02 10:56:02+07:00,252.3,-252.3,-14.732286023835286,14.732286023835286
2889,2026-03-02 11:06:02+07:00,255.7,-255.7,-11.332286023835309,11.332286023835309
2890,2026-03-02 11:16:02+07:00,42.2,-42.2,-224.8322860238353,224.8322860238353
2891,2026-03-02 11:26:02+07:00,78.4,-78.4,-188.6322860238353,188.6322860238353
2892,2026-03-02 11:36:02+07:00,109.9,-109.9,-157.1322860238353,157.1322860238353
2893,2026-03-02 11:46:02+07:00,136.8,-136.8,-130.2322860238353,130.2322860238353
2894,2026-03-02 11:56:02+07:00,159.9,-159.9,-107.13228602383529,107.13228602383529
2896,2026-03-02 12:06:02+07:00,212.0,-212.0,-55.0322860238353,55.0322860238353
2897,2026-03-02 12:16:02+07:00,224.9,-224.9,-42.13228602383529,42.13228602383529
2898,2026-03-02 12:26:02+07:00,236.2,-236.2,-30.83228602383531,30.83228602383531
2899,2026-03-02 12:36:02+07:00,245.9,-245.9,-21.13228602383529,21.13228602383529
2900,2026-03-02 12:46:02+07:00,255.4,-255.4,-11.632286023835292,11.632286023835292
2902,2026-03-02 12:56:02+07:00,271.3,-271.3,4.267713976164714,-4.267713976164714
2903,2026-03-02 13:06:02+07:00,278.8,-278.8,11.767713976164714,-11.767713976164714
2904,2026-03-02 13:16:02+07:00,285.0,-285.0,17.967713976164703,-17.967713976164703
2905,2026-03-02 13:26:02+07:00,290.4,-290.4,23.36771397616468,-23.36771397616468
2906,2026-03-02 13:36:02+07:00,295.3,-295.3,28.267713976164714,-28.267713976164714
2908,2026-03-02 13:46:02+07:00,305.7,-305.7,38.66771397616469,-38.66771397616469
2909,2026-03-02 13:56:02+07:00,308.6,-308.6,41.567713976164725,-41.567713976164725
2910,2026-03-02 14:06:02+07:00,311.2,-311.2,44.16771397616469,-44.16771397616469
2911,2026-03-02 14:16:02+07:00,313.0,-313.0,45.9677139761647,-45.9677139761647
2912,2026-03-02 14:26:02+07:00,314.3,-314.3,47.267713976164714,-47.267713976164714
2914,2026-03-02 14:36:02+07:00,315.4,-315.4,48.36771397616468,-48.36771397616468
2915,2026-03-02 14:46:02+07:00,315.1,-315.1,48.067713976164725,-48.067713976164725
2916,2026-03-02 14:56:02+07:00,314.0,-314.0,46.9677139761647,-46.9677139761647
2917,2026-03-02 15:06:02+07:00,312.9,-312.9,45.86771397616468,-45.86771397616468
2918,2026-03-02 15:16:02+07:00,311.6,-311.6,44.567713976164725,-44.567713976164725
2920,2026-03-02 15:26:02+07:00,309.5,-309.5,42.4677139761647,-42.4677139761647
2921,2026-03-02 15:36:02+07:00,309.1,-309.1,42.067713976164725,-42.067713976164725
2922,2026-03-02 15:46:02+07:00,309.6,-309.6,42.567713976164725,-42.567713976164725
2923,2026-03-02 15:56:02+07:00,310.2,-310.2,43.16771397616469,-43.16771397616469
2924,2026-03-02 16:06:02+07:00,311.3,-311.3,44.267713976164714,-44.267713976164714
2926,2026-03-02 16:16:02+07:00,316.7,-316.7,49.66771397616469,-49.66771397616469
2928,2026-03-02 16:26:02+07:00,318.8,-318.8,51.767713976164714,-51.767713976164714
2930,2026-03-02 16:36:02+07:00,321.3,-321.3,54.267713976164714,-54.267713976164714
2932,2026-03-02 16:46:02+07:00,323.9,-323.9,56.86771397616468,-56.86771397616468
2934,2026-03-02 16:56:02+07:00,326.9,-326.9,59.86771397616468,-59.86771397616468
2939,2026-03-02 17:06:02+07:00,335.3,-335.3,68.26771397616471,-68.26771397616471
2941,2026-03-02 17:16:02+07:00,338.6,-338.6,71.56771397616473,-71.56771397616473
2943,2026-03-02 17:26:02+07:00,341.0,-341.0,73.9677139761647,-73.9677139761647
2945,2026-03-02 17:36:02+07:00,344.5,-344.5,77.4677139761647,-77.4677139761647
2947,2026-03-02 17:46:02+07:00,346.9,-346.9,79.86771397616468,-79.86771397616468
2952,2026-03-02 17:56:02+07:00,354.7,-354.7,87.66771397616469,-87.66771397616469
2954,2026-03-02 18:06:02+07:00,357.1,-357.1,90.06771397616473,-90.06771397616473
2956,2026-03-02 18:16:02+07:00,360.6,-360.6,93.56771397616473,-93.56771397616473
2958,2026-03-02 18:26:02+07:00,363.2,-363.2,96.16771397616469,-96.16771397616469
2960,2026-03-02 18:36:02+07:00,366.2,-366.2,99.16771397616469,-99.16771397616469
2965,2026-03-02 18:46:02+07:00,374.2,-374.2,107.16771397616469,-107.16771397616469
2967,2026-03-02 18:56:02+07:00,374.2,-374.2,107.16771397616469,-107.16771397616469
2969,2026-03-02 19:06:02+07:00,374.2,-374.2,107.16771397616469,-107.16771397616469
2971,2026-03-02 19:16:02+07:00,374.2,-374.2,107.16771397616469,-107.16771397616469
2973,2026-03-02 19:26:02+07:00,374.2,-374.2,107.16771397616469,-107.16771397616469
2978,2026-03-02 19:36:02+07:00,374.2,-374.2,107.16771397616469,-107.16771397616469
2980,2026-03-02 19:46:02+07:00,374.2,-374.2,107.16771397616469,-107.16771397616469
2982,2026-03-02 19:56:02+07:00,374.2,-374.2,107.16771397616469,-107.16771397616469
2984,2026-03-02 20:06:02+07:00,374.2,-374.2,107.16771397616469,-107.16771397616469
2986,2026-03-02 20:16:02+07:00,374.2,-374.2,107.16771397616469,-107.16771397616469
2991,2026-03-02 20:26:02+07:00,374.2,-374.2,107.16771397616469,-107.16771397616469
2993,2026-03-02 20:36:02+07:00,374.2,-374.2,107.16771397616469,-107.16771397616469
2995,2026-03-02 20:46:02+07:00,374.2,-374.2,107.16771397616469,-107.16771397616469
2997,2026-03-02 20:56:02+07:00,374.2,-374.2,107.16771397616469,-107.16771397616469
2999,2026-03-02 21:06:02+07:00,377.2,-377.2,110.16771397616469,-110.16771397616469
3004,2026-03-02 21:16:02+07:00,381.6,-381.6,114.56771397616473,-114.56771397616473
3006,2026-03-02 21:26:02+07:00,381.5,-381.5,114.4677139761647,-114.4677139761647
3008,2026-03-02 21:36:02+07:00,380.7,-380.7,113.66771397616469,-113.66771397616469
3010,2026-03-02 21:46:02+07:00,379.3,-379.3,112.26771397616471,-112.26771397616471
3012,2026-03-02 21:56:02+07:00,377.4,-377.4,110.36771397616468,-110.36771397616468
3017,2026-03-02 22:06:02+07:00,369.6,-369.6,102.56771397616473,-102.56771397616473
3019,2026-03-02 22:16:02+07:00,366.3,-366.3,99.26771397616471,-99.26771397616471
3021,2026-03-02 22:26:02+07:00,362.5,-362.5,95.4677139761647,-95.4677139761647
3023,2026-03-02 22:36:02+07:00,358.1,-358.1,91.06771397616473,-91.06771397616473
3025,2026-03-02 22:46:02+07:00,353.4,-353.4,86.36771397616468,-86.36771397616468
3030,2026-03-02 22:56:02+07:00,339.7,-339.7,72.66771397616469,-72.66771397616469
3032,2026-03-02 23:06:02+07:00,334.7,-334.7,67.66771397616469,-67.66771397616469
3034,2026-03-02 23:16:02+07:00,329.6,-329.6,62.567713976164725,-62.567713976164725
3036,2026-03-02 23:26:02+07:00,324.3,-324.3,57.267713976164714,-57.267713976164714
3038,2026-03-02 23:36:02+07:00,318.4,-318.4,51.36771397616468,-51.36771397616468
3043,2026-03-02 23:46:02+07:00,301.7,-301.7,34.66771397616469,-34.66771397616469
3045,2026-03-02 23:56:02+07:00,295.6,-295.6,28.567713976164725,-28.567713976164725
3047,2026-03-03 00:06:02+07:00,288.7,-288.7,21.66771397616469,-21.66771397616469
3049,2026-03-03 00:16:02+07:00,281.5,-281.5,14.467713976164703,-14.467713976164703
3051,2026-03-03 00:26:02+07:00,274.1,-274.1,7.067713976164725,-7.067713976164725
3056,2026-03-03 00:36:02+07:00,253.0,-253.0,-14.032286023835297,14.032286023835297
3058,2026-03-03 00:46:02+07:00,246.0,-246.0,-21.032286023835297,21.032286023835297
3060,2026-03-03 00:56:02+07:00,239.7,-239.7,-27.33228602383531,27.33228602383531
3062,2026-03-03 01:06:02+07:00,232.6,-232.6,-34.4322860238353,34.4322860238353
3064,2026-03-03 01:16:02+07:00,225.8,-225.8,-41.232286023835286,41.232286023835286
3069,2026-03-03 01:26:02+07:00,207.1,-207.1,-59.9322860238353,59.9322860238353
3071,2026-03-03 01:36:02+07:00,201.8,-201.8,-65.23228602383529,65.23228602383529
3073,2026-03-03 01:46:02+07:00,196.1,-196.1,-70.9322860238353,70.9322860238353
3075,2026-03-03 01:56:02+07:00,190.4,-190.4,-76.63228602383529,76.63228602383529
3077,2026-03-03 02:06:02+07:00,185.6,-185.6,-81.4322860238353,81.4322860238353
3082,2026-03-03 02:16:02+07:00,173.5,-173.5,-93.5322860238353,93.5322860238353
3084,2026-03-03 02:26:02+07:00,170.4,-170.4,-96.63228602383529,96.63228602383529
3086,2026-03-03 02:36:02+07:00,167.8,-167.8,-99.23228602383529,99.23228602383529
3088,2026-03-03 02:46:02+07:00,165.5,-165.5,-101.5322860238353,101.5322860238353
3090,2026-03-03 02:56:02+07:00,163.5,-163.5,-103.5322860238353,103.5322860238353
3095,2026-03-03 03:06:02+07:00,160.4,-160.4,-106.63228602383529,106.63228602383529
3097,2026-03-03 03:16:02+07:00,160.2,-160.2,-106.83228602383531,106.83228602383531
3099,2026-03-03 03:26:02+07:00,160.3,-160.3,-106.73228602383529,106.73228602383529
3101,2026-03-03 03:36:02+07:00,160.6,-160.6,-106.4322860238353,106.4322860238353
3103,2026-03-03 03:46:02+07:00,161.9,-161.9,-105.13228602383529,105.13228602383529
3108,2026-03-03 03:56:02+07:00,165.4,-165.4,-101.63228602383529,101.63228602383529
3110,2026-03-03 04:06:02+07:00,167.3,-167.3,-99.73228602383529,99.73228602383529
3112,2026-03-03 04:16:02+07:00,169.9,-169.9,-97.13228602383529,97.13228602383529
3114,2026-03-03 04:26:02+07:00,172.5,-172.5,-94.5322860238353,94.5322860238353
3116,2026-03-03 04:36:02+07:00,175.7,-175.7,-91.33228602383531,91.33228602383531
3121,2026-03-03 04:46:02+07:00,185.7,-185.7,-81.33228602383531,81.33228602383531
3123,2026-03-03 04:56:02+07:00,189.7,-189.7,-77.33228602383531,77.33228602383531
3125,2026-03-03 05:06:02+07:00,193.8,-193.8,-73.23228602383529,73.23228602383529
3127,2026-03-03 05:16:02+07:00,198.9,-198.9,-68.13228602383529,68.13228602383529
3129,2026-03-03 05:26:02+07:00,203.8,-203.8,-63.232286023835286,63.232286023835286
3134,2026-03-03 05:36:02+07:00,218.6,-218.6,-48.4322860238353,48.4322860238353
3136,2026-03-03 05:46:02+07:00,223.4,-223.4,-43.63228602383529,43.63228602383529
3138,2026-03-03 05:56:02+07:00,228.1,-228.1,-38.9322860238353,38.9322860238353
3140,2026-03-03 06:06:02+07:00,233.2,-233.2,-33.83228602383531,33.83228602383531
3142,2026-03-03 06:16:02+07:00,238.2,-238.2,-28.83228602383531,28.83228602383531
3147,2026-03-03 06:26:02+07:00,251.5,-251.5,-15.532286023835297,15.532286023835297
3149,2026-03-03 06:36:02+07:00,255.8,-255.8,-11.232286023835286,11.232286023835286
3151,2026-03-03 06:46:02+07:00,259.5,-259.5,-7.532286023835297,7.532286023835297
3153,2026-03-03 06:56:02+07:00,264.0,-264.0,-3.0322860238352973,3.0322860238352973
3155,2026-03-03 07:06:02+07:00,268.6,-268.6,1.5677139761647254,-1.5677139761647254
3160,2026-03-03 07:16:02+07:00,277.4,-277.4,10.36771397616468,-10.36771397616468
3162,2026-03-03 07:26:02+07:00,280.6,-280.6,13.567713976164725,-13.567713976164725
3164,2026-03-03 07:36:02+07:00,283.2,-283.2,16.16771397616469,-16.16771397616469
3173,2026-03-03 07:46:02+07:00,303.4,-303.4,36.36771397616468,-36.36771397616468
3175,2026-03-03 07:56:02+07:00,304.9,-304.9,37.86771397616468,-37.86771397616468
3178,2026-03-03 08:06:02+07:00,307.0,-307.0,39.9677139761647,-39.9677139761647
3181,2026-03-03 08:16:02+07:00,308.2,-308.2,41.16771397616469,-41.16771397616469
3183,2026-03-03 08:26:02+07:00,309.7,-309.7,42.66771397616469,-42.66771397616469
3185,2026-03-03 08:36:02+07:00,310.5,-310.5,43.4677139761647,-43.4677139761647
3187,2026-03-03 08:46:02+07:00,311.3,-311.3,44.267713976164714,-44.267713976164714
3189,2026-03-03 08:56:02+07:00,311.8,-311.8,44.767713976164714,-44.767713976164714
3193,2026-03-03 09:06:02+07:00,312.3,-312.3,45.267713976164714,-45.267713976164714
3195,2026-03-03 09:16:02+07:00,312.0,-312.0,44.9677139761647,-44.9677139761647
3197,2026-03-03 09:26:02+07:00,312.1,-312.1,45.067713976164725,-45.067713976164725
3199,2026-03-03 09:36:02+07:00,311.1,-311.1,44.067713976164725,-44.067713976164725
3201,2026-03-03 09:46:02+07:00,310.4,-310.4,43.36771397616468,-43.36771397616468
3203,2026-03-03 09:56:02+07:00,308.1,-308.1,41.067713976164725,-41.067713976164725
3206,2026-03-03 10:06:02+07:00,303.7,-303.7,36.66771397616469,-36.66771397616469
3208,2026-03-03 10:16:02+07:00,301.6,-301.6,34.567713976164725,-34.567713976164725
3210,2026-03-03 10:26:02+07:00,299.6,-299.6,32.567713976164725,-32.567713976164725
3212,2026-03-03 10:36:02+07:00,296.4,-296.4,29.36771397616468,-29.36771397616468
3214,2026-03-03 10:46:02+07:00,293.0,-293.0,25.967713976164703,-25.967713976164703
3216,2026-03-03 10:56:02+07:00,290.6,-290.6,23.567713976164725,-23.567713976164725
3219,2026-03-03 11:06:02+07:00,285.2,-285.2,18.16771397616469,-18.16771397616469
3221,2026-03-03 11:16:02+07:00,282.6,-282.6,15.567713976164725,-15.567713976164725
3223,2026-03-03 11:26:02+07:00,280.4,-280.4,13.36771397616468,-13.36771397616468
3225,2026-03-03 11:36:02+07:00,279.2,-279.2,12.167713976164691,-12.167713976164691
3227,2026-03-03 11:46:02+07:00,277.2,-277.2,10.167713976164691,-10.167713976164691
3229,2026-03-03 11:56:02+07:00,276.4,-276.4,9.36771397616468,-9.36771397616468
3232,2026-03-03 12:06:02+07:00,275.1,-275.1,8.067713976164725,-8.067713976164725
3234,2026-03-03 12:16:02+07:00,274.6,-274.6,7.567713976164725,-7.567713976164725
3236,2026-03-03 12:26:02+07:00,275.0,-275.0,7.967713976164703,-7.967713976164703
3238,2026-03-03 12:36:02+07:00,275.6,-275.6,8.567713976164725,-8.567713976164725
3240,2026-03-03 12:46:02+07:00,276.8,-276.8,9.767713976164714,-9.767713976164714
3242,2026-03-03 12:56:02+07:00,277.8,-277.8,10.767713976164714,-10.767713976164714
3245,2026-03-03 13:06:02+07:00,280.2,-280.2,13.167713976164691,-13.167713976164691
3247,2026-03-03 13:16:02+07:00,281.7,-281.7,14.667713976164691,-14.667713976164691
3249,2026-03-03 13:26:02+07:00,283.9,-283.9,16.86771397616468,-16.86771397616468
3251,2026-03-03 13:36:02+07:00,286.4,-286.4,19.36771397616468,-19.36771397616468
3253,2026-03-03 13:46:02+07:00,289.2,-289.2,22.16771397616469,-22.16771397616469
3254,2026-03-03 13:56:02+07:00,292.0,-292.0,24.967713976164703,-24.967713976164703
3257,2026-03-03 14:06:02+07:00,297.5,-297.5,30.467713976164703,-30.467713976164703
3259,2026-03-03 14:16:02+07:00,299.9,-299.9,32.86771397616468,-32.86771397616468
3261,2026-03-03 14:26:02+07:00,303.0,-303.0,35.9677139761647,-35.9677139761647
3263,2026-03-03 14:36:02+07:00,306.4,-306.4,39.36771397616468,-39.36771397616468
3264,2026-03-03 14:46:02+07:00,309.8,-309.8,42.767713976164714,-42.767713976164714
3266,2026-03-03 14:56:02+07:00,313.3,-313.3,46.267713976164714,-46.267713976164714
3269,2026-03-03 15:06:02+07:00,319.3,-319.3,52.267713976164714,-52.267713976164714
3271,2026-03-03 15:16:02+07:00,322.8,-322.8,55.767713976164714,-55.767713976164714
3273,2026-03-03 15:26:02+07:00,326.7,-326.7,59.66771397616469,-59.66771397616469
3275,2026-03-03 15:36:02+07:00,329.6,-329.6,62.567713976164725,-62.567713976164725
3277,2026-03-03 15:46:02+07:00,333.0,-333.0,65.9677139761647,-65.9677139761647
3279,2026-03-03 15:56:02+07:00,336.4,-336.4,69.36771397616468,-69.36771397616468
3282,2026-03-03 16:06:02+07:00,342.6,-342.6,75.56771397616473,-75.56771397616473
3284,2026-03-03 16:16:02+07:00,344.6,-344.6,77.56771397616473,-77.56771397616473
3286,2026-03-03 16:26:02+07:00,347.1,-347.1,80.06771397616473,-80.06771397616473
3288,2026-03-03 16:36:02+07:00,349.3,-349.3,82.26771397616471,-82.26771397616471
3290,2026-03-03 16:46:02+07:00,352.3,-352.3,85.26771397616471,-85.26771397616471
3292,2026-03-03 16:56:02+07:00,353.6,-353.6,86.56771397616473,-86.56771397616473
3295,2026-03-03 17:06:02+07:00,356.9,-356.9,89.86771397616468,-89.86771397616468
3297,2026-03-03 17:16:02+07:00,359.4,-359.4,92.36771397616468,-92.36771397616468
3299,2026-03-03 17:26:02+07:00,361.7,-361.7,94.66771397616469,-94.66771397616469
3301,2026-03-03 17:36:02+07:00,362.1,-362.1,95.06771397616473,-95.06771397616473
3303,2026-03-03 17:46:02+07:00,362.9,-362.9,95.86771397616468,-95.86771397616468
3305,2026-03-03 17:56:02+07:00,363.7,-363.7,96.66771397616469,-96.66771397616469
3308,2026-03-03 18:06:02+07:00,365.2,-365.2,98.16771397616469,-98.16771397616469
3310,2026-03-03 18:16:02+07:00,365.7,-365.7,98.66771397616469,-98.66771397616469
3312,2026-03-03 18:26:02+07:00,365.8,-365.8,98.76771397616471,-98.76771397616471
3314,2026-03-03 18:36:02+07:00,365.9,-365.9,98.86771397616468,-98.86771397616468
3316,2026-03-03 18:46:02+07:00,366.3,-366.3,99.26771397616471,-99.26771397616471
3318,2026-03-03 18:56:02+07:00,366.6,-366.6,99.56771397616473,-99.56771397616473
3321,2026-03-03 19:06:02+07:00,366.4,-366.4,99.36771397616468,-99.36771397616468
3323,2026-03-03 19:16:02+07:00,365.6,-365.6,98.56771397616473,-98.56771397616473
3325,2026-03-03 19:26:02+07:00,363.3,-363.3,96.26771397616471,-96.26771397616471
3327,2026-03-03 19:36:02+07:00,360.3,-360.3,93.26771397616471,-93.26771397616471
3329,2026-03-03 19:46:02+07:00,358.4,-358.4,91.36771397616468,-91.36771397616468
3331,2026-03-03 19:56:02+07:00,354.9,-354.9,87.86771397616468,-87.86771397616468
3334,2026-03-03 20:06:02+07:00,347.5,-347.5,80.4677139761647,-80.4677139761647
3336,2026-03-03 20:16:02+07:00,343.8,-343.8,76.76771397616471,-76.76771397616471
3338,2026-03-03 20:26:02+07:00,339.8,-339.8,72.76771397616471,-72.76771397616471
3340,2026-03-03 20:36:02+07:00,336.6,-336.6,69.56771397616473,-69.56771397616473
3342,2026-03-03 20:46:02+07:00,331.4,-331.4,64.36771397616468,-64.36771397616468
3344,2026-03-03 20:56:02+07:00,325.8,-325.8,58.767713976164714,-58.767713976164714
3347,2026-03-03 21:06:02+07:00,316.6,-316.6,49.567713976164725,-49.567713976164725
3349,2026-03-03 21:16:02+07:00,311.5,-311.5,44.4677139761647,-44.4677139761647
3351,2026-03-03 21:26:02+07:00,306.7,-306.7,39.66771397616469,-39.66771397616469
3353,2026-03-03 21:36:02+07:00,301.9,-301.9,34.86771397616468,-34.86771397616468
3355,2026-03-03 21:46:02+07:00,297.1,-297.1,30.067713976164725,-30.067713976164725
3357,2026-03-03 21:56:02+07:00,292.1,-292.1,25.067713976164725,-25.067713976164725
3360,2026-03-03 22:06:02+07:00,282.4,-282.4,15.36771397616468,-15.36771397616468
3362,2026-03-03 22:16:02+07:00,277.5,-277.5,10.467713976164703,-10.467713976164703
3364,2026-03-03 22:26:02+07:00,272.4,-272.4,5.36771397616468,-5.36771397616468
3366,2026-03-03 22:36:02+07:00,266.6,-266.6,-0.4322860238352746,0.4322860238352746
3368,2026-03-03 22:46:02+07:00,261.3,-261.3,-5.732286023835286,5.732286023835286
3370,2026-03-03 22:56:02+07:00,255.2,-255.2,-11.832286023835309,11.832286023835309
3373,2026-03-03 23:06:02+07:00,243.1,-243.1,-23.932286023835303,23.932286023835303
3375,2026-03-03 23:16:02+07:00,237.3,-237.3,-29.732286023835286,29.732286023835286
3377,2026-03-03 23:26:02+07:00,231.7,-231.7,-35.33228602383531,35.33228602383531
3379,2026-03-03 23:36:02+07:00,226.1,-226.1,-40.9322860238353,40.9322860238353
3381,2026-03-03 23:46:02+07:00,220.6,-220.6,-46.4322860238353,46.4322860238353
3383,2026-03-03 23:56:02+07:00,214.9,-214.9,-52.13228602383529,52.13228602383529
3386,2026-03-04 00:06:02+07:00,205.8,-205.8,-61.232286023835286,61.232286023835286
3388,2026-03-04 00:16:02+07:00,201.5,-201.5,-65.5322860238353,65.5322860238353
3390,2026-03-04 00:26:02+07:00,197.1,-197.1,-69.9322860238353,69.9322860238353
3392,2026-03-04 00:36:02+07:00,193.4,-193.4,-73.63228602383529,73.63228602383529
3394,2026-03-04 00:46:02+07:00,190.3,-190.3,-76.73228602383529,76.73228602383529
3396,2026-03-04 00:56:02+07:00,188.5,-188.5,-78.5322860238353,78.5322860238353
3399,2026-03-04 01:06:02+07:00,185.3,-185.3,-81.73228602383529,81.73228602383529
3401,2026-03-04 01:16:02+07:00,184.2,-184.2,-82.83228602383531,82.83228602383531
3403,2026-03-04 01:26:02+07:00,183.9,-183.9,-83.13228602383529,83.13228602383529
3405,2026-03-04 01:36:02+07:00,184.5,-184.5,-82.5322860238353,82.5322860238353
3407,2026-03-04 01:46:02+07:00,185.9,-185.9,-81.13228602383529,81.13228602383529
3409,2026-03-04 01:56:02+07:00,187.4,-187.4,-79.63228602383529,79.63228602383529
3412,2026-03-04 02:06:02+07:00,189.6,-189.6,-77.4322860238353,77.4322860238353
3413,2026-03-04 02:16:02+07:00,191.3,-191.3,-75.73228602383529,75.73228602383529
3415,2026-03-04 02:26:02+07:00,193.4,-193.4,-73.63228602383529,73.63228602383529
3417,2026-03-04 02:36:02+07:00,196.2,-196.2,-70.83228602383531,70.83228602383531
3419,2026-03-04 02:46:02+07:00,199.0,-199.0,-68.0322860238353,68.0322860238353
3421,2026-03-04 02:56:02+07:00,202.1,-202.1,-64.9322860238353,64.9322860238353
3424,2026-03-04 03:06:02+07:00,208.5,-208.5,-58.5322860238353,58.5322860238353
3426,2026-03-04 03:16:02+07:00,211.7,-211.7,-55.33228602383531,55.33228602383531
3428,2026-03-04 03:26:02+07:00,215.4,-215.4,-51.63228602383529,51.63228602383529
3430,2026-03-04 03:36:02+07:00,219.2,-219.2,-47.83228602383531,47.83228602383531
3432,2026-03-04 03:46:02+07:00,222.5,-222.5,-44.5322860238353,44.5322860238353
3434,2026-03-04 03:56:02+07:00,227.5,-227.5,-39.5322860238353,39.5322860238353
3437,2026-03-04 04:06:02+07:00,236.9,-236.9,-30.13228602383529,30.13228602383529
3439,2026-03-04 04:16:02+07:00,241.4,-241.4,-25.63228602383529,25.63228602383529
3441,2026-03-04 04:26:02+07:00,246.0,-246.0,-21.032286023835297,21.032286023835297
3443,2026-03-04 04:36:02+07:00,250.8,-250.8,-16.232286023835286,16.232286023835286
3445,2026-03-04 04:46:02+07:00,255.4,-255.4,-11.632286023835292,11.632286023835292
3447,2026-03-04 04:56:02+07:00,260.0,-260.0,-7.032286023835297,7.032286023835297
3450,2026-03-04 05:06:02+07:00,268.3,-268.3,1.267713976164714,-1.267713976164714
3452,2026-03-04 05:16:02+07:00,272.1,-272.1,5.067713976164725,-5.067713976164725
3454,2026-03-04 05:26:02+07:00,275.9,-275.9,8.86771397616468,-8.86771397616468
3456,2026-03-04 05:36:02+07:00,279.8,-279.8,12.767713976164714,-12.767713976164714
3458,2026-03-04 05:46:02+07:00,283.8,-283.8,16.767713976164714,-16.767713976164714
3460,2026-03-04 05:56:02+07:00,286.5,-286.5,19.467713976164703,-19.467713976164703
3464,2026-03-04 06:06:02+07:00,293.3,-293.3,26.267713976164714,-26.267713976164714
3466,2026-03-04 06:16:02+07:00,296.6,-296.6,29.567713976164725,-29.567713976164725
3468,2026-03-04 06:26:02+07:00,299.2,-299.2,32.16771397616469,-32.16771397616469
3470,2026-03-04 06:36:02+07:00,301.8,-301.8,34.767713976164714,-34.767713976164714
3472,2026-03-04 06:46:02+07:00,304.1,-304.1,37.067713976164725,-37.067713976164725
3474,2026-03-04 06:56:02+07:00,306.2,-306.2,39.16771397616469,-39.16771397616469
3478,2026-03-04 07:06:02+07:00,310.1,-310.1,43.067713976164725,-43.067713976164725
3480,2026-03-04 07:16:02+07:00,311.7,-311.7,44.66771397616469,-44.66771397616469
3482,2026-03-04 07:26:02+07:00,313.0,-313.0,45.9677139761647,-45.9677139761647
3485,2026-03-04 07:36:02+07:00,315.8,-315.8,48.767713976164714,-48.767713976164714
3487,2026-03-04 07:46:02+07:00,316.7,-316.7,49.66771397616469,-49.66771397616469
3491,2026-03-04 07:56:02+07:00,318.3,-318.3,51.267713976164714,-51.267713976164714
3493,2026-03-04 08:06:02+07:00,318.9,-318.9,51.86771397616468,-51.86771397616468
3495,2026-03-04 08:16:02+07:00,319.0,-319.0,51.9677139761647,-51.9677139761647
3497,2026-03-04 08:26:02+07:00,318.9,-318.9,51.86771397616468,-51.86771397616468
3499,2026-03-04 08:36:02+07:00,318.1,-318.1,51.067713976164725,-51.067713976164725
3501,2026-03-04 08:46:02+07:00,317.4,-317.4,50.36771397616468,-50.36771397616468
3505,2026-03-04 08:56:02+07:00,315.2,-315.2,48.16771397616469,-48.16771397616469
3507,2026-03-04 09:06:02+07:00,314.0,-314.0,46.9677139761647,-46.9677139761647
3509,2026-03-04 09:16:02+07:00,312.5,-312.5,45.4677139761647,-45.4677139761647
3511,2026-03-04 09:26:02+07:00,310.5,-310.5,43.4677139761647,-43.4677139761647
3513,2026-03-04 09:36:02+07:00,308.7,-308.7,41.66771397616469,-41.66771397616469
3518,2026-03-04 09:46:02+07:00,301.6,-301.6,34.567713976164725,-34.567713976164725
3520,2026-03-04 09:56:02+07:00,299.1,-299.1,32.067713976164725,-32.067713976164725
3522,2026-03-04 10:06:02+07:00,296.5,-296.5,29.467713976164703,-29.467713976164703
3524,2026-03-04 10:16:02+07:00,293.5,-293.5,26.467713976164703,-26.467713976164703
3526,2026-03-04 10:26:02+07:00,290.3,-290.3,23.267713976164714,-23.267713976164714
3528,2026-03-04 10:36:02+07:00,286.9,-286.9,19.86771397616468,-19.86771397616468
3532,2026-03-04 10:46:02+07:00,280.5,-280.5,13.467713976164703,-13.467713976164703
3534,2026-03-04 10:56:02+07:00,277.5,-277.5,10.467713976164703,-10.467713976164703
3536,2026-03-04 11:06:02+07:00,274.4,-274.4,7.36771397616468,-7.36771397616468
3538,2026-03-04 11:16:02+07:00,271.2,-271.2,4.167713976164691,-4.167713976164691
3540,2026-03-04 11:26:02+07:00,268.0,-268.0,0.9677139761647027,-0.9677139761647027
3542,2026-03-04 11:36:02+07:00,264.8,-264.8,-2.232286023835286,2.232286023835286
3546,2026-03-04 11:46:02+07:00,259.4,-259.4,-7.63228602383532,7.63228602383532
3548,2026-03-04 11:56:02+07:00,257.1,-257.1,-9.932286023835275,9.932286023835275
3550,2026-03-04 12:06:02+07:00,255.2,-255.2,-11.832286023835309,11.832286023835309
3552,2026-03-04 12:16:02+07:00,253.5,-253.5,-13.532286023835297,13.532286023835297
3554,2026-03-04 12:26:02+07:00,252.3,-252.3,-14.732286023835286,14.732286023835286
3556,2026-03-04 12:36:02+07:00,251.3,-251.3,-15.732286023835286,15.732286023835286
3560,2026-03-04 12:46:02+07:00,250.5,-250.5,-16.532286023835297,16.532286023835297
3562,2026-03-04 12:56:02+07:00,250.5,-250.5,-16.532286023835297,16.532286023835297
3564,2026-03-04 13:06:02+07:00,251.1,-251.1,-15.932286023835303,15.932286023835303
3566,2026-03-04 13:16:02+07:00,252.2,-252.2,-14.832286023835309,14.832286023835309
3568,2026-03-04 13:26:02+07:00,253.6,-253.6,-13.432286023835303,13.432286023835303
3570,2026-03-04 13:36:02+07:00,255.4,-255.4,-11.632286023835292,11.632286023835292
3574,2026-03-04 13:46:02+07:00,259.0,-259.0,-8.032286023835297,8.032286023835297
3576,2026-03-04 13:56:02+07:00,261.0,-261.0,-6.032286023835297,6.032286023835297
3578,2026-03-04 14:06:02+07:00,263.2,-263.2,-3.8322860238353087,3.8322860238353087
3580,2026-03-04 14:16:02+07:00,265.6,-265.6,-1.4322860238352746,1.4322860238352746
3582,2026-03-04 14:26:02+07:00,268.3,-268.3,1.267713976164714,-1.267713976164714
3584,2026-03-04 14:36:02+07:00,271.2,-271.2,4.167713976164691,-4.167713976164691
3588,2026-03-04 14:46:02+07:00,277.1,-277.1,10.067713976164725,-10.067713976164725
3590,2026-03-04 14:56:02+07:00,280.2,-280.2,13.167713976164691,-13.167713976164691
3592,2026-03-04 15:06:02+07:00,283.4,-283.4,16.36771397616468,-16.36771397616468
3594,2026-03-04 15:16:02+07:00,286.8,-286.8,19.767713976164714,-19.767713976164714
3596,2026-03-04 15:26:02+07:00,290.0,-290.0,22.967713976164703,-22.967713976164703
3598,2026-03-04 15:36:02+07:00,294.0,-294.0,26.967713976164703,-26.967713976164703
3602,2026-03-04 15:46:02+07:00,301.3,-301.3,34.267713976164714,-34.267713976164714
3604,2026-03-04 15:56:02+07:00,305.0,-305.0,37.9677139761647,-37.9677139761647
3606,2026-03-04 16:06:02+07:00,308.7,-308.7,41.66771397616469,-41.66771397616469
3608,2026-03-04 16:16:02+07:00,312.3,-312.3,45.267713976164714,-45.267713976164714
3610,2026-03-04 16:26:02+07:00,315.9,-315.9,48.86771397616468,-48.86771397616468
3612,2026-03-04 16:36:02+07:00,319.3,-319.3,52.267713976164714,-52.267713976164714
3616,2026-03-04 16:46:02+07:00,325.4,-325.4,58.36771397616468,-58.36771397616468
3618,2026-03-04 16:56:02+07:00,328.1,-328.1,61.067713976164725,-61.067713976164725
3620,2026-03-04 17:06:02+07:00,330.7,-330.7,63.66771397616469,-63.66771397616469
3622,2026-03-04 17:16:02+07:00,332.6,-332.6,65.56771397616473,-65.56771397616473
3624,2026-03-04 17:26:02+07:00,335.0,-335.0,67.9677139761647,-67.9677139761647
3626,2026-03-04 17:36:02+07:00,337.3,-337.3,70.26771397616471,-70.26771397616471
3630,2026-03-04 17:46:02+07:00,340.9,-340.9,73.86771397616468,-73.86771397616468
3632,2026-03-04 17:56:02+07:00,342.3,-342.3,75.26771397616471,-75.26771397616471
3634,2026-03-04 18:06:02+07:00,343.4,-343.4,76.36771397616468,-76.36771397616468
3636,2026-03-04 18:16:02+07:00,344.5,-344.5,77.4677139761647,-77.4677139761647
3638,2026-03-04 18:26:02+07:00,345.3,-345.3,78.26771397616471,-78.26771397616471
3640,2026-03-04 18:36:02+07:00,346.0,-346.0,78.9677139761647,-78.9677139761647
3644,2026-03-04 18:46:02+07:00,346.7,-346.7,79.66771397616469,-79.66771397616469
3646,2026-03-04 18:56:02+07:00,346.9,-346.9,79.86771397616468,-79.86771397616468
3648,2026-03-04 19:06:02+07:00,346.9,-346.9,79.86771397616468,-79.86771397616468
3650,2026-03-04 19:16:02+07:00,346.8,-346.8,79.76771397616471,-79.76771397616471
3652,2026-03-04 19:26:02+07:00,346.3,-346.3,79.26771397616471,-79.26771397616471
3654,2026-03-04 19:36:02+07:00,345.7,-345.7,78.66771397616469,-78.66771397616469
3658,2026-03-04 19:46:02+07:00,343.4,-343.4,76.36771397616468,-76.36771397616468
3660,2026-03-04 19:56:02+07:00,342.2,-342.2,75.16771397616469,-75.16771397616469
3662,2026-03-04 20:06:02+07:00,340.7,-340.7,73.66771397616469,-73.66771397616469
3664,2026-03-04 20:16:02+07:00,338.4,-338.4,71.36771397616468,-71.36771397616468
3666,2026-03-04 20:26:02+07:00,335.7,-335.7,68.66771397616469,-68.66771397616469
3668,2026-03-04 20:36:02+07:00,332.5,-332.5,65.4677139761647,-65.4677139761647
3672,2026-03-04 20:46:02+07:00,325.9,-325.9,58.86771397616468,-58.86771397616468
3674,2026-03-04 20:56:02+07:00,322.7,-322.7,55.66771397616469,-55.66771397616469
3676,2026-03-04 21:06:02+07:00,319.3,-319.3,52.267713976164714,-52.267713976164714
3678,2026-03-04 21:16:02+07:00,315.5,-315.5,48.4677139761647,-48.4677139761647
3680,2026-03-04 21:26:02+07:00,311.9,-311.9,44.86771397616468,-44.86771397616468
3682,2026-03-04 21:36:02+07:00,308.3,-308.3,41.267713976164714,-41.267713976164714
3686,2026-03-04 21:46:02+07:00,300.5,-300.5,33.4677139761647,-33.4677139761647
3688,2026-03-04 21:56:02+07:00,296.6,-296.6,29.567713976164725,-29.567713976164725
3690,2026-03-04 22:06:02+07:00,292.7,-292.7,25.66771397616469,-25.66771397616469
3692,2026-03-04 22:16:02+07:00,288.1,-288.1,21.067713976164725,-21.067713976164725
3694,2026-03-04 22:26:02+07:00,283.6,-283.6,16.567713976164725,-16.567713976164725
3696,2026-03-04 22:36:02+07:00,278.5,-278.5,11.467713976164703,-11.467713976164703
3700,2026-03-04 22:46:02+07:00,268.7,-268.7,1.6677139761646913,-1.6677139761646913
3702,2026-03-04 22:56:02+07:00,263.9,-263.9,-3.13228602383532,3.13228602383532
3704,2026-03-04 23:06:02+07:00,258.9,-258.9,-8.13228602383532,8.13228602383532
3706,2026-03-04 23:16:02+07:00,253.8,-253.8,-13.232286023835286,13.232286023835286
3708,2026-03-04 23:26:02+07:00,248.3,-248.3,-18.732286023835286,18.732286023835286
3710,2026-03-04 23:36:02+07:00,243.2,-243.2,-23.83228602383531,23.83228602383531
3714,2026-03-04 23:46:02+07:00,233.5,-233.5,-33.5322860238353,33.5322860238353
3716,2026-03-04 23:56:02+07:00,228.9,-228.9,-38.13228602383529,38.13228602383529
3718,2026-03-05 00:06:02+07:00,224.5,-224.5,-42.5322860238353,42.5322860238353
3720,2026-03-05 00:16:02+07:00,220.8,-220.8,-46.232286023835286,46.232286023835286
3722,2026-03-05 00:26:02+07:00,217.3,-217.3,-49.732286023835286,49.732286023835286
3724,2026-03-05 00:36:02+07:00,214.4,-214.4,-52.63228602383529,52.63228602383529
3728,2026-03-05 00:46:02+07:00,209.3,-209.3,-57.732286023835286,57.732286023835286
3730,2026-03-05 00:56:02+07:00,208.1,-208.1,-58.9322860238353,58.9322860238353
3732,2026-03-05 01:06:02+07:00,207.1,-207.1,-59.9322860238353,59.9322860238353
3734,2026-03-05 01:16:02+07:00,206.5,-206.5,-60.5322860238353,60.5322860238353
3736,2026-03-05 01:26:02+07:00,206.6,-206.6,-60.4322860238353,60.4322860238353
3738,2026-03-05 01:36:02+07:00,207.2,-207.2,-59.83228602383531,59.83228602383531
3742,2026-03-05 01:46:02+07:00,209.3,-209.3,-57.732286023835286,57.732286023835286
3744,2026-03-05 01:56:02+07:00,210.9,-210.9,-56.13228602383529,56.13228602383529
3746,2026-03-05 02:06:02+07:00,213.2,-213.2,-53.83228602383531,53.83228602383531
3748,2026-03-05 02:16:02+07:00,215.5,-215.5,-51.5322860238353,51.5322860238353
3750,2026-03-05 02:26:02+07:00,218.6,-218.6,-48.4322860238353,48.4322860238353
3752,2026-03-05 02:36:02+07:00,221.9,-221.9,-45.13228602383529,45.13228602383529
3756,2026-03-05 02:46:02+07:00,227.8,-227.8,-39.232286023835286,39.232286023835286
3758,2026-03-05 02:56:02+07:00,230.8,-230.8,-36.232286023835286,36.232286023835286
3760,2026-03-05 03:06:02+07:00,233.8,-233.8,-33.232286023835286,33.232286023835286
3761,2026-03-05 03:16:02+07:00,237.5,-237.5,-29.532286023835297,29.532286023835297
3763,2026-03-05 03:26:02+07:00,240.9,-240.9,-26.13228602383529,26.13228602383529
3765,2026-03-05 03:36:02+07:00,244.5,-244.5,-22.532286023835297,22.532286023835297
3769,2026-03-05 03:46:02+07:00,251.9,-251.9,-15.132286023835292,15.132286023835292
3771,2026-03-05 03:56:02+07:00,255.7,-255.7,-11.332286023835309,11.332286023835309
3773,2026-03-05 04:06:02+07:00,259.7,-259.7,-7.332286023835309,7.332286023835309
3775,2026-03-05 04:16:02+07:00,263.9,-263.9,-3.13228602383532,3.13228602383532
3777,2026-03-05 04:26:02+07:00,268.7,-268.7,1.6677139761646913,-1.6677139761646913
3779,2026-03-05 04:36:02+07:00,273.0,-273.0,5.967713976164703,-5.967713976164703
3783,2026-03-05 04:46:02+07:00,280.6,-280.6,13.567713976164725,-13.567713976164725
3785,2026-03-05 04:56:02+07:00,283.6,-283.6,16.567713976164725,-16.567713976164725
3787,2026-03-05 05:06:02+07:00,287.3,-287.3,20.267713976164714,-20.267713976164714
3789,2026-03-05 05:16:02+07:00,290.7,-290.7,23.66771397616469,-23.66771397616469
3791,2026-03-05 05:26:02+07:00,294.2,-294.2,27.16771397616469,-27.16771397616469
3793,2026-03-05 05:36:02+07:00,298.0,-298.0,30.967713976164703,-30.967713976164703
3797,2026-03-05 05:46:02+07:00,304.0,-304.0,36.9677139761647,-36.9677139761647
3799,2026-03-05 05:56:02+07:00,306.6,-306.6,39.567713976164725,-39.567713976164725
3801,2026-03-05 06:06:02+07:00,309.8,-309.8,42.767713976164714,-42.767713976164714
3803,2026-03-05 06:16:02+07:00,312.1,-312.1,45.067713976164725,-45.067713976164725
3805,2026-03-05 06:26:02+07:00,314.7,-314.7,47.66771397616469,-47.66771397616469
3807,2026-03-05 06:36:02+07:00,316.8,-316.8,49.767713976164714,-49.767713976164714
3811,2026-03-05 06:46:02+07:00,319.5,-319.5,52.4677139761647,-52.4677139761647
3813,2026-03-05 06:56:02+07:00,321.2,-321.2,54.16771397616469,-54.16771397616469
3815,2026-03-05 07:06:02+07:00,322.3,-322.3,55.267713976164714,-55.267713976164714
3817,2026-03-05 07:16:02+07:00,323.6,-323.6,56.567713976164725,-56.567713976164725
3819,2026-03-05 07:26:02+07:00,324.0,-324.0,56.9677139761647,-56.9677139761647
3821,2026-03-05 07:36:02+07:00,323.5,-323.5,56.4677139761647,-56.4677139761647
3825,2026-03-05 07:46:02+07:00,323.7,-323.7,56.66771397616469,-56.66771397616469
3827,2026-03-05 07:56:02+07:00,322.9,-322.9,55.86771397616468,-55.86771397616468
3829,2026-03-05 08:06:02+07:00,321.6,-321.6,54.567713976164725,-54.567713976164725
3831,2026-03-05 08:16:02+07:00,319.5,-319.5,52.4677139761647,-52.4677139761647
3833,2026-03-05 08:26:02+07:00,316.6,-316.6,49.567713976164725,-49.567713976164725
3835,2026-03-05 08:36:02+07:00,314.1,-314.1,47.067713976164725,-47.067713976164725
3839,2026-03-05 08:46:02+07:00,310.7,-310.7,43.66771397616469,-43.66771397616469
3841,2026-03-05 08:56:02+07:00,307.6,-307.6,40.567713976164725,-40.567713976164725
3843,2026-03-05 09:06:02+07:00,304.5,-304.5,37.4677139761647,-37.4677139761647
3845,2026-03-05 09:16:02+07:00,300.7,-300.7,33.66771397616469,-33.66771397616469
3847,2026-03-05 09:26:02+07:00,297.5,-297.5,30.467713976164703,-30.467713976164703
3849,2026-03-05 09:36:02+07:00,294.0,-294.0,26.967713976164703,-26.967713976164703
3853,2026-03-05 09:46:02+07:00,289.0,-289.0,21.967713976164703,-21.967713976164703
3855,2026-03-05 09:56:02+07:00,285.9,-285.9,18.86771397616468,-18.86771397616468
3857,2026-03-05 10:06:02+07:00,36.6,-36.6,-230.4322860238353,230.4322860238353
3859,2026-03-05 10:16:02+07:00,70.6,-70.6,-196.4322860238353,196.4322860238353
3861,2026-03-05 10:26:02+07:00,96.9,-96.9,-170.1322860238353,170.1322860238353
3863,2026-03-05 10:36:02+07:00,117.5,-117.5,-149.5322860238353,149.5322860238353
3866,2026-03-05 10:46:02+07:00,134.8,-134.8,-132.2322860238353,132.2322860238353
3870,2026-03-05 10:56:02+07:00,167.0,-167.0,-100.0322860238353,100.0322860238353
3872,2026-03-05 11:06:02+07:00,176.2,-176.2,-90.83228602383531,90.83228602383531
3874,2026-03-05 11:16:02+07:00,183.3,-183.3,-83.73228602383529,83.73228602383529
3876,2026-03-05 11:26:02+07:00,186.0,-186.0,-81.0322860238353,81.0322860238353
3879,2026-03-05 11:36:02+07:00,187.7,-187.7,-79.33228602383531,79.33228602383531
3883,2026-03-05 11:46:02+07:00,195.0,-195.0,-72.0322860238353,72.0322860238353
3885,2026-03-05 11:56:02+07:00,197.1,-197.1,-69.9322860238353,69.9322860238353
3887,2026-03-05 12:06:02+07:00,196.3,-196.3,-70.73228602383529,70.73228602383529
3889,2026-03-05 12:16:02+07:00,195.5,-195.5,-71.5322860238353,71.5322860238353
3892,2026-03-05 12:26:02+07:00,197.1,-197.1,-69.9322860238353,69.9322860238353
3896,2026-03-05 12:36:02+07:00,196.8,-196.8,-70.23228602383529,70.23228602383529
3898,2026-03-05 12:46:02+07:00,196.9,-196.9,-70.13228602383529,70.13228602383529
3900,2026-03-05 12:56:02+07:00,196.9,-196.9,-70.13228602383529,70.13228602383529
3902,2026-03-05 13:06:02+07:00,198.1,-198.1,-68.9322860238353,68.9322860238353
3905,2026-03-05 13:16:02+07:00,197.9,-197.9,-69.13228602383529,69.13228602383529
3909,2026-03-05 13:26:02+07:00,200.2,-200.2,-66.83228602383531,66.83228602383531
3911,2026-03-05 13:36:02+07:00,201.8,-201.8,-65.23228602383529,65.23228602383529
3913,2026-03-05 13:46:02+07:00,203.5,-203.5,-63.5322860238353,63.5322860238353
3915,2026-03-05 13:56:02+07:00,204.1,-204.1,-62.9322860238353,62.9322860238353
3918,2026-03-05 14:06:02+07:00,206.8,-206.8,-60.232286023835286,60.232286023835286
3922,2026-03-05 14:16:02+07:00,214.8,-214.8,-52.232286023835286,52.232286023835286
3925,2026-03-05 14:26:02+07:00,218.7,-218.7,-48.33228602383531,48.33228602383531
3927,2026-03-05 14:36:02+07:00,222.1,-222.1,-44.9322860238353,44.9322860238353
3930,2026-03-05 14:46:02+07:00,225.0,-225.0,-42.0322860238353,42.0322860238353
3934,2026-03-05 14:56:02+07:00,233.0,-233.0,-34.0322860238353,34.0322860238353
3936,2026-03-05 15:06:02+07:00,235.5,-235.5,-31.532286023835297,31.532286023835297
3938,2026-03-05 15:16:02+07:00,238.5,-238.5,-28.532286023835297,28.532286023835297
3940,2026-03-05 15:26:02+07:00,241.9,-241.9,-25.13228602383529,25.13228602383529
3943,2026-03-05 15:36:02+07:00,245.2,-245.2,-21.83228602383531,21.83228602383531
3947,2026-03-05 15:46:02+07:00,253.8,-253.8,-13.232286023835286,13.232286023835286
3949,2026-03-05 15:56:02+07:00,256.5,-256.5,-10.532286023835297,10.532286023835297
3951,2026-03-05 16:06:02+07:00,259.8,-259.8,-7.232286023835286,7.232286023835286
3953,2026-03-05 16:16:02+07:00,262.5,-262.5,-4.532286023835297,4.532286023835297
3956,2026-03-05 16:26:02+07:00,265.2,-265.2,-1.8322860238353087,1.8322860238353087
3960,2026-03-05 16:36:02+07:00,272.6,-272.6,5.567713976164725,-5.567713976164725
3962,2026-03-05 16:46:02+07:00,275.1,-275.1,8.067713976164725,-8.067713976164725
3964,2026-03-05 16:56:02+07:00,277.1,-277.1,10.067713976164725,-10.067713976164725
3966,2026-03-05 17:06:02+07:00,279.2,-279.2,12.167713976164691,-12.167713976164691
3969,2026-03-05 17:16:02+07:00,281.0,-281.0,13.967713976164703,-13.967713976164703
3973,2026-03-05 17:26:02+07:00,285.8,-285.8,18.767713976164714,-18.767713976164714
3975,2026-03-05 17:36:02+07:00,287.0,-287.0,19.967713976164703,-19.967713976164703
3977,2026-03-05 17:46:02+07:00,288.1,-288.1,21.067713976164725,-21.067713976164725
3979,2026-03-05 17:56:02+07:00,288.5,-288.5,21.467713976164703,-21.467713976164703
3982,2026-03-05 18:06:02+07:00,288.6,-288.6,21.567713976164725,-21.567713976164725
3986,2026-03-05 18:16:02+07:00,288.3,-288.3,21.267713976164714,-21.267713976164714
3988,2026-03-05 18:26:02+07:00,287.3,-287.3,20.267713976164714,-20.267713976164714
3990,2026-03-05 18:36:02+07:00,285.7,-285.7,18.66771397616469,-18.66771397616469
3992,2026-03-05 18:46:02+07:00,284.2,-284.2,17.16771397616469,-17.16771397616469
3995,2026-03-05 18:56:02+07:00,282.4,-282.4,15.36771397616468,-15.36771397616468
3999,2026-03-05 19:06:02+07:00,276.1,-276.1,9.067713976164725,-9.067713976164725
4001,2026-03-05 19:16:02+07:00,274.4,-274.4,7.36771397616468,-7.36771397616468
4003,2026-03-05 19:26:02+07:00,272.7,-272.7,5.667713976164691,-5.667713976164691
4005,2026-03-05 19:36:02+07:00,270.4,-270.4,3.36771397616468,-3.36771397616468
4008,2026-03-05 19:46:02+07:00,268.4,-268.4,1.36771397616468,-1.36771397616468
4012,2026-03-05 19:56:02+07:00,263.0,-263.0,-4.032286023835297,4.032286023835297
4014,2026-03-05 20:06:02+07:00,261.3,-261.3,-5.732286023835286,5.732286023835286
4016,2026-03-05 20:16:02+07:00,259.5,-259.5,-7.532286023835297,7.532286023835297
4018,2026-03-05 20:26:02+07:00,36.0,-36.0,-231.0322860238353,231.0322860238353
4021,2026-03-05 20:36:02+07:00,65.8,-65.8,-201.2322860238353,201.2322860238353
4023,2026-03-05 20:46:02+07:00,91.3,-91.3,-175.7322860238353,175.7322860238353
4025,2026-03-05 20:56:02+07:00,111.9,-111.9,-155.1322860238353,155.1322860238353
4027,2026-03-05 21:06:02+07:00,128.1,-128.1,-138.9322860238353,138.9322860238353
4031,2026-03-05 21:16:02+07:00,163.5,-163.5,-103.5322860238353,103.5322860238353
4034,2026-03-05 21:26:02+07:00,171.2,-171.2,-95.83228602383531,95.83228602383531
4036,2026-03-05 21:36:02+07:00,177.1,-177.1,-89.9322860238353,89.9322860238353
4037,2026-03-05 21:46:02+07:00,182.9,-182.9,-84.13228602383529,84.13228602383529
4039,2026-03-05 21:56:02+07:00,186.9,-186.9,-80.13228602383529,80.13228602383529
4043,2026-03-05 22:06:02+07:00,196.1,-196.1,-70.9322860238353,70.9322860238353
4046,2026-03-05 22:16:02+07:00,198.7,-198.7,-68.33228602383531,68.33228602383531
4048,2026-03-05 22:26:02+07:00,202.1,-202.1,-64.9322860238353,64.9322860238353
4050,2026-03-05 22:36:02+07:00,204.5,-204.5,-62.5322860238353,62.5322860238353
4052,2026-03-05 22:46:02+07:00,206.2,-206.2,-60.83228602383531,60.83228602383531
4056,2026-03-05 22:56:02+07:00,212.9,-212.9,-54.13228602383529,54.13228602383529
4059,2026-03-05 23:06:02+07:00,215.6,-215.6,-51.4322860238353,51.4322860238353
4061,2026-03-05 23:16:02+07:00,218.3,-218.3,-48.732286023835286,48.732286023835286
4063,2026-03-05 23:26:02+07:00,221.2,-221.2,-45.83228602383531,45.83228602383531
4065,2026-03-05 23:36:02+07:00,224.5,-224.5,-42.5322860238353,42.5322860238353
4069,2026-03-05 23:46:02+07:00,233.2,-233.2,-33.83228602383531,33.83228602383531
4072,2026-03-05 23:56:02+07:00,236.4,-236.4,-30.63228602383529,30.63228602383529
4074,2026-03-06 00:06:02+07:00,239.6,-239.6,-27.432286023835303,27.432286023835303
4076,2026-03-06 00:16:02+07:00,243.1,-243.1,-23.932286023835303,23.932286023835303
4078,2026-03-06 00:26:02+07:00,246.5,-246.5,-20.532286023835297,20.532286023835297
4082,2026-03-06 00:36:02+07:00,256.5,-256.5,-10.532286023835297,10.532286023835297
4085,2026-03-06 00:46:02+07:00,260.0,-260.0,-7.032286023835297,7.032286023835297
4087,2026-03-06 00:56:02+07:00,263.7,-263.7,-3.3322860238353087,3.3322860238353087
4089,2026-03-06 01:06:02+07:00,267.3,-267.3,0.26771397616471404,-0.26771397616471404
4091,2026-03-06 01:16:02+07:00,271.9,-271.9,4.86771397616468,-4.86771397616468
4095,2026-03-06 01:26:02+07:00,282.9,-282.9,15.86771397616468,-15.86771397616468
4098,2026-03-06 01:36:02+07:00,287.0,-287.0,19.967713976164703,-19.967713976164703
4100,2026-03-06 01:46:02+07:00,290.9,-290.9,23.86771397616468,-23.86771397616468
4102,2026-03-06 01:56:02+07:00,294.4,-294.4,27.36771397616468,-27.36771397616468
4104,2026-03-06 02:06:02+07:00,298.8,-298.8,31.767713976164714,-31.767713976164714
4108,2026-03-06 02:16:02+07:00,309.1,-309.1,42.067713976164725,-42.067713976164725
4111,2026-03-06 02:26:02+07:00,312.5,-312.5,45.4677139761647,-45.4677139761647
4113,2026-03-06 02:36:02+07:00,315.8,-315.8,48.767713976164714,-48.767713976164714
4115,2026-03-06 02:46:02+07:00,319.4,-319.4,52.36771397616468,-52.36771397616468
4117,2026-03-06 02:56:02+07:00,322.6,-322.6,55.567713976164725,-55.567713976164725
4121,2026-03-06 03:06:02+07:00,328.2,-328.2,61.16771397616469,-61.16771397616469
4124,2026-03-06 03:16:02+07:00,329.1,-329.1,62.067713976164725,-62.067713976164725
4126,2026-03-06 03:26:02+07:00,330.4,-330.4,63.36771397616468,-63.36771397616468
4128,2026-03-06 03:36:02+07:00,331.8,-331.8,64.76771397616471,-64.76771397616471
4130,2026-03-06 03:46:02+07:00,331.2,-331.2,64.16771397616469,-64.16771397616469
4132,2026-03-06 03:56:02+07:00,330.8,-330.8,63.767713976164714,-63.767713976164714
4134,2026-03-06 04:06:02+07:00,330.3,-330.3,63.267713976164714,-63.267713976164714
4137,2026-03-06 04:16:02+07:00,325.1,-325.1,58.067713976164725,-58.067713976164725
4139,2026-03-06 04:26:02+07:00,320.5,-320.5,53.4677139761647,-53.4677139761647
4141,2026-03-06 04:36:02+07:00,316.6,-316.6,49.567713976164725,-49.567713976164725
4142,2026-03-06 04:46:02+07:00,311.9,-311.9,44.86771397616468,-44.86771397616468
4144,2026-03-06 04:56:02+07:00,308.6,-308.6,41.567713976164725,-41.567713976164725
4146,2026-03-06 05:06:02+07:00,305.7,-305.7,38.66771397616469,-38.66771397616469
4148,2026-03-06 05:16:02+07:00,301.5,-301.5,34.4677139761647,-34.4677139761647
4151,2026-03-06 05:26:02+07:00,294.8,-294.8,27.767713976164714,-27.767713976164714
4153,2026-03-06 05:36:02+07:00,291.1,-291.1,24.067713976164725,-24.067713976164725
4155,2026-03-06 05:46:02+07:00,286.1,-286.1,19.067713976164725,-19.067713976164725
4157,2026-03-06 05:56:02+07:00,283.3,-283.3,16.267713976164714,-16.267713976164714
4159,2026-03-06 06:06:02+07:00,280.6,-280.6,13.567713976164725,-13.567713976164725
4161,2026-03-06 06:16:02+07:00,276.5,-276.5,9.467713976164703,-9.467713976164703
4164,2026-03-06 06:26:02+07:00,270.1,-270.1,3.0677139761647254,-3.0677139761647254
4166,2026-03-06 06:36:02+07:00,266.8,-266.8,-0.23228602383528596,0.23228602383528596
4169,2026-03-06 06:46:02+07:00,262.8,-262.8,-4.232286023835286,4.232286023835286
4170,2026-03-06 06:56:02+07:00,258.3,-258.3,-8.732286023835286,8.732286023835286
4172,2026-03-06 07:06:02+07:00,251.9,-251.9,-15.132286023835292,15.132286023835292
4174,2026-03-06 07:16:02+07:00,246.8,-246.8,-20.232286023835286,20.232286023835286
4176,2026-03-06 07:26:02+07:00,239.7,-239.7,-27.33228602383531,27.33228602383531
4177,2026-03-06 07:36:02+07:00,235.1,-235.1,-31.932286023835303,31.932286023835303
4179,2026-03-06 07:46:02+07:00,231.2,-231.2,-35.83228602383531,35.83228602383531
4181,2026-03-06 07:56:02+07:00,228.0,-228.0,-39.0322860238353,39.0322860238353
4183,2026-03-06 08:06:02+07:00,224.0,-224.0,-43.0322860238353,43.0322860238353
4185,2026-03-06 08:16:02+07:00,219.0,-219.0,-48.0322860238353,48.0322860238353
4187,2026-03-06 08:26:02+07:00,209.1,-209.1,-57.9322860238353,57.9322860238353
4189,2026-03-06 08:36:02+07:00,205.9,-205.9,-61.13228602383529,61.13228602383529
4190,2026-03-06 08:46:02+07:00,202.7,-202.7,-64.33228602383531,64.33228602383531
4192,2026-03-06 08:56:02+07:00,200.2,-200.2,-66.83228602383531,66.83228602383531
4196,2026-03-06 09:06:02+07:00,189.5,-189.5,-77.5322860238353,77.5322860238353
4198,2026-03-06 09:16:02+07:00,187.5,-187.5,-79.5322860238353,79.5322860238353
4200,2026-03-06 09:26:02+07:00,184.6,-184.6,-82.4322860238353,82.4322860238353
4202,2026-03-06 09:36:02+07:00,182.7,-182.7,-84.33228602383531,84.33228602383531
4204,2026-03-06 09:46:02+07:00,181.4,-181.4,-85.63228602383529,85.63228602383529
4206,2026-03-06 09:56:02+07:00,179.8,-179.8,-87.23228602383529,87.23228602383529
4208,2026-03-06 10:06:02+07:00,180.6,-180.6,-86.4322860238353,86.4322860238353
4210,2026-03-06 10:16:02+07:00,180.6,-180.6,-86.4322860238353,86.4322860238353
4213,2026-03-06 10:26:02+07:00,181.4,-181.4,-85.63228602383529,85.63228602383529
4215,2026-03-06 10:36:02+07:00,183.3,-183.3,-83.73228602383529,83.73228602383529
4217,2026-03-06 10:46:02+07:00,185.2,-185.2,-81.83228602383531,81.83228602383531
4219,2026-03-06 10:56:02+07:00,186.3,-186.3,-80.73228602383529,80.73228602383529
4222,2026-03-06 11:06:02+07:00,188.2,-188.2,-78.83228602383531,78.83228602383531
4223,2026-03-06 11:16:02+07:00,190.3,-190.3,-76.73228602383529,76.73228602383529
4226,2026-03-06 11:26:02+07:00,191.9,-191.9,-75.13228602383529,75.13228602383529
4228,2026-03-06 11:36:02+07:00,192.8,-192.8,-74.23228602383529,74.23228602383529
4230,2026-03-06 11:46:02+07:00,195.7,-195.7,-71.33228602383531,71.33228602383531
4232,2026-03-06 11:56:02+07:00,198.3,-198.3,-68.73228602383529,68.73228602383529
4234,2026-03-06 12:06:02+07:00,204.5,-204.5,-62.5322860238353,62.5322860238353
4235,2026-03-06 12:16:02+07:00,208.0,-208.0,-59.0322860238353,59.0322860238353
4236,2026-03-06 12:26:02+07:00,211.0,-211.0,-56.0322860238353,56.0322860238353
4238,2026-03-06 12:36:02+07:00,213.8,-213.8,-53.232286023835286,53.232286023835286
4239,2026-03-06 12:46:02+07:00,216.9,-216.9,-50.13228602383529,50.13228602383529
4241,2026-03-06 12:56:02+07:00,220.0,-220.0,-47.0322860238353,47.0322860238353
4243,2026-03-06 13:06:02+07:00,226.3,-226.3,-40.732286023835286,40.732286023835286
4244,2026-03-06 13:16:02+07:00,229.8,-229.8,-37.232286023835286,37.232286023835286
4245,2026-03-06 13:26:02+07:00,232.8,-232.8,-34.232286023835286,34.232286023835286
4247,2026-03-06 13:36:02+07:00,236.4,-236.4,-30.63228602383529,30.63228602383529
4249,2026-03-06 13:46:02+07:00,239.9,-239.9,-27.13228602383529,27.13228602383529
4251,2026-03-06 13:56:02+07:00,242.9,-242.9,-24.13228602383529,24.13228602383529
4254,2026-03-06 14:06:02+07:00,248.7,-248.7,-18.33228602383531,18.33228602383531
4256,2026-03-06 14:16:02+07:00,251.5,-251.5,-15.532286023835297,15.532286023835297
4259,2026-03-06 14:26:02+07:00,254.3,-254.3,-12.732286023835286,12.732286023835286
4260,2026-03-06 14:36:02+07:00,256.8,-256.8,-10.232286023835286,10.232286023835286
4261,2026-03-06 14:46:02+07:00,258.9,-258.9,-8.13228602383532,8.13228602383532
4263,2026-03-06 14:56:02+07:00,260.6,-260.6,-6.432286023835275,6.432286023835275
4265,2026-03-06 15:06:02+07:00,263.7,-263.7,-3.3322860238353087,3.3322860238353087
4266,2026-03-06 15:16:02+07:00,265.0,-265.0,-2.0322860238352973,2.0322860238352973
4268,2026-03-06 15:26:02+07:00,266.3,-266.3,-0.732286023835286,0.732286023835286
4269,2026-03-06 15:36:02+07:00,267.6,-267.6,0.5677139761647254,-0.5677139761647254
4271,2026-03-06 15:46:02+07:00,268.6,-268.6,1.5677139761647254,-1.5677139761647254
4273,2026-03-06 15:56:02+07:00,269.4,-269.4,2.36771397616468,-2.36771397616468
4275,2026-03-06 16:06:02+07:00,271.4,-271.4,4.36771397616468,-4.36771397616468
4276,2026-03-06 16:16:02+07:00,272.1,-272.1,5.067713976164725,-5.067713976164725
4277,2026-03-06 16:26:02+07:00,272.2,-272.2,5.167713976164691,-5.167713976164691
4279,2026-03-06 16:36:02+07:00,272.4,-272.4,5.36771397616468,-5.36771397616468
4280,2026-03-06 16:46:02+07:00,271.9,-271.9,4.86771397616468,-4.86771397616468
4281,2026-03-06 16:56:02+07:00,271.4,-271.4,4.36771397616468,-4.36771397616468
4283,2026-03-06 17:06:02+07:00,270.5,-270.5,3.4677139761647027,-3.4677139761647027
4285,2026-03-06 17:16:02+07:00,269.4,-269.4,2.36771397616468,-2.36771397616468
4287,2026-03-06 17:26:02+07:00,268.5,-268.5,1.4677139761647027,-1.4677139761647027
4289,2026-03-06 17:36:02+07:00,267.5,-267.5,0.46771397616470267,-0.46771397616470267
4290,2026-03-06 17:46:02+07:00,266.4,-266.4,-0.6322860238353201,0.6322860238353201
4292,2026-03-06 17:56:02+07:00,265.3,-265.3,-1.732286023835286,1.732286023835286
4295,2026-03-06 18:06:02+07:00,263.6,-263.6,-3.4322860238352746,3.4322860238352746
4296,2026-03-06 18:16:02+07:00,262.2,-262.2,-4.832286023835309,4.832286023835309
4298,2026-03-06 18:26:02+07:00,260.6,-260.6,-6.432286023835275,6.432286023835275
4300,2026-03-06 18:36:02+07:00,259.4,-259.4,-7.63228602383532,7.63228602383532
4302,2026-03-06 18:46:02+07:00,258.2,-258.2,-8.832286023835309,8.832286023835309
4304,2026-03-06 18:56:02+07:00,256.8,-256.8,-10.232286023835286,10.232286023835286
4307,2026-03-06 19:06:02+07:00,253.4,-253.4,-13.632286023835292,13.632286023835292
4308,2026-03-06 19:16:02+07:00,251.8,-251.8,-15.232286023835286,15.232286023835286
4310,2026-03-06 19:26:02+07:00,249.9,-249.9,-17.13228602383529,17.13228602383529
4312,2026-03-06 19:36:02+07:00,248.0,-248.0,-19.032286023835297,19.032286023835297
4314,2026-03-06 19:46:02+07:00,246.3,-246.3,-20.732286023835286,20.732286023835286
4315,2026-03-06 19:56:02+07:00,244.9,-244.9,-22.13228602383529,22.13228602383529
4318,2026-03-06 20:06:02+07:00,240.6,-240.6,-26.432286023835303,26.432286023835303
4320,2026-03-06 20:16:02+07:00,239.5,-239.5,-27.532286023835297,27.532286023835297
4322,2026-03-06 20:26:02+07:00,238.1,-238.1,-28.932286023835303,28.932286023835303
4323,2026-03-06 20:36:02+07:00,237.0,-237.0,-30.032286023835297,30.032286023835297
4325,2026-03-06 20:46:02+07:00,235.9,-235.9,-31.13228602383529,31.13228602383529
4326,2026-03-06 20:56:02+07:00,236.1,-236.1,-30.932286023835303,30.932286023835303
4328,2026-03-06 21:06:02+07:00,236.0,-236.0,-31.032286023835297,31.032286023835297
4329,2026-03-06 21:16:02+07:00,236.0,-236.0,-31.032286023835297,31.032286023835297
4330,2026-03-06 21:26:02+07:00,237.3,-237.3,-29.732286023835286,29.732286023835286
4332,2026-03-06 21:36:02+07:00,238.4,-238.4,-28.63228602383529,28.63228602383529
4333,2026-03-06 21:46:02+07:00,240.5,-240.5,-26.532286023835297,26.532286023835297
4335,2026-03-06 21:56:02+07:00,243.2,-243.2,-23.83228602383531,23.83228602383531
4339,2026-03-06 22:06:02+07:00,249.2,-249.2,-17.83228602383531,17.83228602383531
4340,2026-03-06 22:16:02+07:00,252.6,-252.6,-14.432286023835303,14.432286023835303
4342,2026-03-06 22:26:02+07:00,255.3,-255.3,-11.732286023835286,11.732286023835286
4343,2026-03-06 22:36:02+07:00,258.5,-258.5,-8.532286023835297,8.532286023835297
4345,2026-03-06 22:46:02+07:00,262.2,-262.2,-4.832286023835309,4.832286023835309
4346,2026-03-06 22:56:02+07:00,265.4,-265.4,-1.63228602383532,1.63228602383532
4350,2026-03-06 23:06:02+07:00,272.1,-272.1,5.067713976164725,-5.067713976164725
4351,2026-03-06 23:16:02+07:00,276.2,-276.2,9.167713976164691,-9.167713976164691
4352,2026-03-06 23:26:02+07:00,280.0,-280.0,12.967713976164703,-12.967713976164703
4354,2026-03-06 23:36:02+07:00,284.5,-284.5,17.467713976164703,-17.467713976164703
4355,2026-03-06 23:46:02+07:00,288.5,-288.5,21.467713976164703,-21.467713976164703
4357,2026-03-06 23:56:02+07:00,292.9,-292.9,25.86771397616468,-25.86771397616468
4361,2026-03-07 00:06:02+07:00,300.6,-300.6,33.567713976164725,-33.567713976164725
4363,2026-03-07 00:16:02+07:00,304.0,-304.0,36.9677139761647,-36.9677139761647
4365,2026-03-07 00:26:02+07:00,307.5,-307.5,40.4677139761647,-40.4677139761647
4368,2026-03-07 00:36:02+07:00,315.1,-315.1,48.067713976164725,-48.067713976164725
4370,2026-03-07 00:46:02+07:00,319.0,-319.0,51.9677139761647,-51.9677139761647
4374,2026-03-07 00:56:02+07:00,326.6,-326.6,59.567713976164725,-59.567713976164725
4376,2026-03-07 01:06:02+07:00,329.9,-329.9,62.86771397616468,-62.86771397616468
4378,2026-03-07 01:16:02+07:00,333.1,-333.1,66.06771397616473,-66.06771397616473
4380,2026-03-07 01:26:02+07:00,336.3,-336.3,69.26771397616471,-69.26771397616471
4382,2026-03-07 01:36:02+07:00,339.4,-339.4,72.36771397616468,-72.36771397616468
4384,2026-03-07 01:46:02+07:00,342.1,-342.1,75.06771397616473,-75.06771397616473
4388,2026-03-07 01:56:02+07:00,348.5,-348.5,81.4677139761647,-81.4677139761647
4390,2026-03-07 02:06:02+07:00,351.6,-351.6,84.56771397616473,-84.56771397616473
4392,2026-03-07 02:16:02+07:00,354.1,-354.1,87.06771397616473,-87.06771397616473
4394,2026-03-07 02:26:02+07:00,356.4,-356.4,89.36771397616468,-89.36771397616468
4396,2026-03-07 02:36:02+07:00,357.9,-357.9,90.86771397616468,-90.86771397616468
4398,2026-03-07 02:46:02+07:00,359.6,-359.6,92.56771397616473,-92.56771397616473
4402,2026-03-07 02:56:02+07:00,361.8,-361.8,94.76771397616471,-94.76771397616471
4404,2026-03-07 03:06:02+07:00,362.1,-362.1,95.06771397616473,-95.06771397616473
4406,2026-03-07 03:16:02+07:00,361.9,-361.9,94.86771397616468,-94.86771397616468
4408,2026-03-07 03:26:02+07:00,362.7,-362.7,95.66771397616469,-95.66771397616469
4410,2026-03-07 03:36:02+07:00,362.4,-362.4,95.36771397616468,-95.36771397616468
4411,2026-03-07 03:46:02+07:00,362.0,-362.0,94.9677139761647,-94.9677139761647
4415,2026-03-07 03:56:02+07:00,359.3,-359.3,92.26771397616471,-92.26771397616471
4416,2026-03-07 04:06:02+07:00,356.7,-356.7,89.66771397616469,-89.66771397616469
4418,2026-03-07 04:16:02+07:00,353.9,-353.9,86.86771397616468,-86.86771397616468
4420,2026-03-07 04:26:02+07:00,350.3,-350.3,83.26771397616471,-83.26771397616471
4422,2026-03-07 04:36:02+07:00,347.5,-347.5,80.4677139761647,-80.4677139761647
4424,2026-03-07 04:46:02+07:00,343.5,-343.5,76.4677139761647,-76.4677139761647
4426,2026-03-07 04:56:02+07:00,335.4,-335.4,68.36771397616468,-68.36771397616468
4427,2026-03-07 05:06:02+07:00,331.3,-331.3,64.26771397616471,-64.26771397616471
4428,2026-03-07 05:16:02+07:00,327.2,-327.2,60.16771397616469,-60.16771397616469
4429,2026-03-07 05:26:02+07:00,323.3,-323.3,56.267713976164714,-56.267713976164714
4430,2026-03-07 05:36:02+07:00,318.5,-318.5,51.4677139761647,-51.4677139761647
4431,2026-03-07 05:46:02+07:00,314.1,-314.1,47.067713976164725,-47.067713976164725
4433,2026-03-07 05:56:02+07:00,305.2,-305.2,38.16771397616469,-38.16771397616469
4435,2026-03-07 06:06:02+07:00,299.9,-299.9,32.86771397616468,-32.86771397616468
4437,2026-03-07 06:16:02+07:00,294.7,-294.7,27.66771397616469,-27.66771397616469
4439,2026-03-07 06:26:02+07:00,290.2,-290.2,23.16771397616469,-23.16771397616469
4441,2026-03-07 06:36:02+07:00,284.3,-284.3,17.267713976164714,-17.267713976164714
4443,2026-03-07 06:46:02+07:00,277.4,-277.4,10.36771397616468,-10.36771397616468
4447,2026-03-07 06:56:02+07:00,269.2,-269.2,2.1677139761646913,-2.1677139761646913
4449,2026-03-07 07:06:02+07:00,264.5,-264.5,-2.5322860238352973,2.5322860238352973
4451,2026-03-07 07:16:02+07:00,259.7,-259.7,-7.332286023835309,7.332286023835309
4453,2026-03-07 07:26:02+07:00,255.2,-255.2,-11.832286023835309,11.832286023835309
4455,2026-03-07 07:36:02+07:00,250.4,-250.4,-16.63228602383529,16.63228602383529
4458,2026-03-07 07:46:02+07:00,235.3,-235.3,-31.732286023835286,31.732286023835286
4459,2026-03-07 07:56:02+07:00,230.8,-230.8,-36.232286023835286,36.232286023835286
4460,2026-03-07 08:06:02+07:00,226.5,-226.5,-40.5322860238353,40.5322860238353
4462,2026-03-07 08:16:02+07:00,221.7,-221.7,-45.33228602383531,45.33228602383531
4463,2026-03-07 08:26:02+07:00,213.6,-213.6,-53.4322860238353,53.4322860238353
4466,2026-03-07 08:36:02+07:00,206.1,-206.1,-60.9322860238353,60.9322860238353
4468,2026-03-07 08:46:02+07:00,203.1,-203.1,-63.9322860238353,63.9322860238353
4470,2026-03-07 08:56:02+07:00,199.0,-199.0,-68.0322860238353,68.0322860238353
4472,2026-03-07 09:06:02+07:00,196.0,-196.0,-71.0322860238353,71.0322860238353
4474,2026-03-07 09:16:02+07:00,192.8,-192.8,-74.23228602383529,74.23228602383529
4478,2026-03-07 09:26:02+07:00,184.9,-184.9,-82.13228602383529,82.13228602383529
4480,2026-03-07 09:36:02+07:00,183.5,-183.5,-83.5322860238353,83.5322860238353
4482,2026-03-07 09:46:02+07:00,182.2,-182.2,-84.83228602383531,84.83228602383531
4484,2026-03-07 09:56:02+07:00,181.4,-181.4,-85.63228602383529,85.63228602383529
4486,2026-03-07 10:06:02+07:00,180.4,-180.4,-86.63228602383529,86.63228602383529
4488,2026-03-07 10:16:02+07:00,179.9,-179.9,-87.13228602383529,87.13228602383529
4492,2026-03-07 10:26:02+07:00,179.4,-179.4,-87.63228602383529,87.63228602383529
4494,2026-03-07 10:36:02+07:00,178.9,-178.9,-88.13228602383529,88.13228602383529
4495,2026-03-07 10:46:02+07:00,179.7,-179.7,-87.33228602383531,87.33228602383531
4496,2026-03-07 10:56:02+07:00,181.3,-181.3,-85.73228602383529,85.73228602383529
4498,2026-03-07 11:06:02+07:00,181.5,-181.5,-85.5322860238353,85.5322860238353
4499,2026-03-07 11:16:02+07:00,184.2,-184.2,-82.83228602383531,82.83228602383531
4501,2026-03-07 11:26:02+07:00,186.7,-186.7,-80.33228602383531,80.33228602383531
